{"stats":{"minecraft:killed_by":{"minecraft:zombie":1},"minecraft:custom":{"minecraft:mob_kills":18,"minecraft:interact_with_crafting_table":81,"minecraft:damage_dealt_resisted":13,"minecraft:leave_game":6,"minecraft:time_since_death":60817,"minecraft:climb_one_cm":11020,"minecraft:sprint_one_cm":519150,"minecraft:walk_one_cm":433195,"minecraft:drop":17,"minecraft:talked_to_villager":1,"minecraft:play_time":158965,"minecraft:deaths":1,"minecraft:sneak_time":6865,"minecraft:walk_under_water_one_cm":14203,"minecraft:boat_one_cm":191005,"minecraft:jump":1766,"minecraft:walk_on_water_one_cm":12739,"minecraft:total_world_time":158965,"minecraft:interact_with_furnace":29,"minecraft:sleep_in_bed":10,"minecraft:time_since_rest":4212,"minecraft:damage_taken":448,"minecraft:damage_dealt":2372,"minecraft:swim_one_cm":24843,"minecraft:player_kills":1,"minecraft:fly_one_cm":243109,"minecraft:open_chest":9,"minecraft:crouch_one_cm":25406,"minecraft:fall_one_cm":19798},"minecraft:crafted":{"minecraft:stone_shovel":2,"minecraft:furnace":1,"minecraft:mangrove_fence":12,"minecraft:mangrove_stairs":8,"minecraft:stone_pickaxe":2,"minecraft:cooked_beef":6,"minecraft:cooked_porkchop":5,"minecraft:crafting_table":1,"minecraft:jungle_boat":1,"minecraft:acacia_slab":18,"minecraft:wooden_pickaxe":1,"minecraft:mangrove_door":3,"minecraft:mangrove_planks":116,"minecraft:acacia_stairs":4,"minecraft:stone_axe":3,"minecraft:jungle_planks":32,"minecraft:jungle_door":3,"minecraft:stick":24,"minecraft:acacia_planks":48,"minecraft:torch":4,"minecraft:mangrove_slab":60},"minecraft:killed":{"hordes:zombie_player":1,"minecraft:chicken":1,"minecraft:pig":5,"minecraft:sheep":3,"minecraft:zombie":3,"alexsmobs:fly":1,"minecraft:cow":4},"minecraft:broken":{"minecraft:stone_axe":2},"minecraft:dropped":{"minecraft:iron_ingot":4,"minecraft:wheat_seeds":6,"minecraft:feather":1,"minecraft:stick":3,"minecraft:sunflower":1,"minecraft:mud":2,"minecraft:white_wool":1,"minecraft:sugar_cane":2,"minecraft:mangrove_roots":1,"minecraft:rotten_flesh":4,"minecraft:poppy":2,"minecraft:oak_sapling":1,"comforts:sleeping_bag_white":1,"minecraft:stone_pickaxe":1},"minecraft:picked_up":{"sophisticatedbackpacks:gold_backpack":2,"minecraft:mud":2,"minecraft:shelter_pottery_sherd":2,"minecraft:crafting_table":7,"minecraft:chicken":2,"minecraft:lead":4,"minecraft:wooden_pickaxe":1,"minecraft:brick":6,"minecraft:bucket":1,"comforts:sleeping_bag_white":13,"minecraft:beef":6,"minecraft:poppy":4,"minecraft:melon_slice":17,"minecraft:sugar_cane":2,"minecraft:mangrove_log":84,"minecraft:furnace":1,"minecraft:stick":8,"marbledsarsenal:police_baton":1,"minecraft:jungle_door":8,"minecraft:torch":1,"minecraft:acacia_log":116,"pointblank:gunmetal_nugget":2,"minecraft:porkchop":18,"psg:sulphur":6,"minecraft:vine":3,"pointblank:ammo45acp":36,"pointblank:m1911a1":1,"minecraft:mangrove_stairs":2,"minecraft:rotten_flesh":4,"minecraft:shears":1,"minecraft:mangrove_roots":2,"minecraft:mutton":6,"minecraft:white_wool":4,"minecraft:cobblestone":134,"minecraft:jungle_boat":3,"minecraft:feather":1,"minecraft:cooked_beef":4,"minecraft:jungle_log":9,"minecraft:leather":8,"minecraft:gunpowder":2,"marbledsarsenal:cm6m_gas_mask":1,"minecraft:mangrove_slab":26,"minecraft:dirt":41,"minecraft:leather_boots":1,"minecraft:mangrove_fence":9,"minecraft:bone":4,"minecraft:acacia_planks":19,"minecraft:wheat_seeds":8,"minecraft:iron_ingot":4,"minecraft:stone_pickaxe":1,"minecraft:mangrove_planks":22,"minecraft:acacia_sapling":2,"minecraft:cooked_porkchop":4,"psg:raw_potassium":4,"minecraft:jungle_planks":6,"minecraft:acacia_stairs":2,"alexsmobs:animal_dictionary":1,"minecraft:mangrove_leaves":185,"create:crimsite":2,"minecraft:bread":8,"minecraft:oak_sapling":2,"minecraft:acacia_slab":26,"minecraft:coal":14,"minecraft:sunflower":1},"minecraft:mined":{"minecraft:jungle_leaves":1,"minecraft:mangrove_roots":3,"psg:sulphur_ore":1,"minecraft:acacia_log":12,"minecraft:grass_block":10,"minecraft:decorated_pot":1,"minecraft:jungle_planks":4,"minecraft:mangrove_fence":9,"minecraft:jungle_log":6,"minecraft:acacia_slab":18,"minecraft:furnace":1,"minecraft:acacia_stairs":2,"minecraft:vine":10,"minecraft:stone":75,"minecraft:white_wool":1,"minecraft:mangrove_stairs":2,"minecraft:jungle_door":2,"minecraft:crafting_table":6,"minecraft:melon":3,"minecraft:cobblestone":2,"minecraft:tall_grass":5,"minecraft:sugar_cane":1,"minecraft:mud":2,"minecraft:mangrove_planks":23,"minecraft:mangrove_leaves":296,"minecraft:grass":9,"minecraft:mangrove_slab":22,"minecraft:coal_ore":17,"projectvibrantjourneys:short_grass":5,"minecraft:sunflower":1,"minecraft:dirt":16,"minecraft:mangrove_log":8,"minecraft:acacia_planks":30,"create:crimsite":1,"minecraft:oak_leaves":16,"minecraft:fern":2},"minecraft:used":{"minecraft:acacia_log":48,"minecraft:mangrove_fence":17,"minecraft:torch":1,"minecraft:dirt":25,"minecraft:jungle_planks":10,"minecraft:mangrove_log":2,"minecraft:mangrove_stairs":8,"minecraft:acacia_slab":26,"marbledsarsenal:police_baton":44,"minecraft:mangrove_roots":1,"minecraft:furnace":2,"minecraft:mangrove_slab":83,"comforts:sleeping_bag_white":10,"minecraft:cooked_beef":2,"minecraft:acacia_planks":30,"minecraft:mangrove_leaves":161,"minecraft:stone_pickaxe":105,"minecraft:mangrove_planks":49,"minecraft:wooden_pickaxe":16,"minecraft:jungle_boat":2,"minecraft:white_wool":1,"minecraft:vine":2,"minecraft:crafting_table":7,"minecraft:shears":235,"minecraft:acacia_stairs":2,"minecraft:mangrove_door":2,"minecraft:melon_slice":16,"minecraft:bread":5,"minecraft:stone_axe":268,"minecraft:cobblestone":12,"minecraft:cooked_porkchop":1,"minecraft:jungle_door":5}},"DataVersion":3465}