{"stats":{"minecraft:crafted":{"minecraft:jungle_door":3,"minecraft:crafting_table":1,"minecraft:stick":8,"minecraft:wooden_pickaxe":1,"minecraft:stone_pickaxe":2,"minecraft:furnace":1,"minecraft:torch":4,"minecraft:stone_axe":1,"minecraft:jungle_planks":24},"minecraft:used":{"minecraft:melon_slice":5,"minecraft:stone_pickaxe":51,"minecraft:wooden_pickaxe":16,"marbledsarsenal:police_baton":24,"minecraft:stone_axe":37,"minecraft:torch":1,"minecraft:white_wool":1,"minecraft:cobblestone":4,"minecraft:mangrove_roots":1,"minecraft:crafting_table":2,"minecraft:furnace":1,"minecraft:jungle_planks":10,"minecraft:jungle_door":1},"minecraft:killed":{"minecraft:sheep":1,"minecraft:zombie":1,"hordes:zombie_player":1,"minecraft:chicken":1,"minecraft:cow":1},"minecraft:dropped":{"minecraft:stone_pickaxe":1},"minecraft:mined":{"minecraft:mud":2,"minecraft:jungle_leaves":1,"minecraft:mangrove_roots":2,"minecraft:crafting_table":2,"minecraft:grass":6,"minecraft:decorated_pot":1,"minecraft:coal_ore":11,"minecraft:melon":3,"projectvibrantjourneys:short_grass":1,"minecraft:jungle_planks":4,"minecraft:vine":1,"minecraft:jungle_log":6,"minecraft:tall_grass":5,"minecraft:stone":52,"minecraft:sugar_cane":1,"minecraft:white_wool":1,"minecraft:fern":1},"minecraft:picked_up":{"minecraft:shelter_pottery_sherd":1,"minecraft:mud":2,"minecraft:stick":2,"minecraft:crafting_table":2,"minecraft:chicken":1,"minecraft:feather":1,"minecraft:jungle_door":1,"psg:raw_potassium":2,"minecraft:jungle_log":8,"minecraft:torch":1,"minecraft:jungle_planks":5,"minecraft:brick":3,"minecraft:gunpowder":1,"minecraft:bone":1,"minecraft:rotten_flesh":3,"minecraft:wheat_seeds":2,"minecraft:mangrove_roots":2,"minecraft:melon_slice":17,"minecraft:sugar_cane":2,"minecraft:mutton":3,"minecraft:coal":11,"minecraft:white_wool":2,"minecraft:cobblestone":56},"minecraft:custom":{"minecraft:time_since_rest":32190,"minecraft:interact_with_furnace":3,"minecraft:sprint_one_cm":102507,"minecraft:damage_taken":23,"minecraft:walk_one_cm":88524,"minecraft:mob_kills":5,"minecraft:drop":1,"minecraft:damage_dealt":933,"minecraft:swim_one_cm":4079,"minecraft:interact_with_crafting_table":19,"minecraft:fly_one_cm":28918,"minecraft:player_kills":1,"minecraft:sneak_time":12,"minecraft:play_time":32190,"minecraft:walk_under_water_one_cm":1108,"minecraft:damage_dealt_resisted":7,"minecraft:jump":263,"minecraft:walk_on_water_one_cm":1658,"minecraft:time_since_death":32190,"minecraft:climb_one_cm":827,"minecraft:total_world_time":32190,"minecraft:fall_one_cm":418}},"DataVersion":3465}