{"stats":{"minecraft:mined":{"biomesoplenty:fir_log":1,"minecraft:crafting_table":2,"minecraft:grass":31,"minecraft:grass_block":1,"minecraft:fern":1,"biomesoplenty:goldenrod":6},"minecraft:killed":{"minecraft:pig":1,"naturalist:bass":1,"promenade:duck":1,"naturalist:butterfly":1,"hamsters:hamster":1,"minecraft:player":2},"minecraft:custom":{"minecraft:time_since_rest":198,"minecraft:sprint_one_cm":111215,"lootr:looted_stat":2,"minecraft:damage_taken":275,"minecraft:walk_one_cm":129129,"minecraft:mob_kills":5,"minecraft:damage_dealt":471,"minecraft:swim_one_cm":5262,"minecraft:player_kills":2,"minecraft:interact_with_crafting_table":11,"minecraft:fly_one_cm":60836,"minecraft:open_chest":1,"minecraft:crouch_one_cm":96,"minecraft:play_time":28489,"minecraft:deaths":2,"minecraft:sneak_time":42,"minecraft:walk_under_water_one_cm":73170,"minecraft:jump":407,"minecraft:time_since_death":165,"minecraft:walk_on_water_one_cm":3504,"minecraft:total_world_time":28489,"minecraft:fall_one_cm":11681},"minecraft:crafted":{"biomesoplenty:fir_planks":8,"minecraft:stick":4,"minecraft:wooden_pickaxe":1,"minecraft:wooden_axe":1,"minecraft:bread":1},"minecraft:picked_up":{"minecraft:stick":1,"minecraft:crafting_table":2,"biomesoplenty:goldenrod":5,"promenade:duck":1,"minecraft:leather":4,"biomesoplenty:fir_log":3,"biomesoplenty:fir_sapling":1,"minecraft:porkchop":5,"minecraft:flint":3,"minecraft:string":1,"minecraft:dirt":1,"naturalist:bass":1,"minecraft:arrow":7,"minecraft:wheat_seeds":3,"minecraft:black_wool":1,"minecraft:mutton":6,"minecraft:stone_hoe":1,"minecraft:white_wool":3},"minecraft:killed_by":{"minecraft:skeleton":1},"minecraft:used":{"minecraft:wooden_axe":24,"biomesoplenty:fir_sapling":1,"minecraft:bread":1,"minecraft:stone_hoe":11,"minecraft:crafting_table":1,"minecraft:porkchop":2}},"DataVersion":3465}