{"stats":{"minecraft:mined":{"minecraft:grass":18,"minecraft:fern":1,"minecraft:crafting_table":2,"biomesoplenty:fir_log":1},"minecraft:killed":{"naturalist:butterfly":1,"hamsters:hamster":1,"minecraft:pig":1,"minecraft:player":1,"promenade:duck":1},"minecraft:custom":{"lootr:looted_stat":2,"minecraft:time_since_rest":16489,"minecraft:crouch_one_cm":96,"minecraft:play_time":16489,"minecraft:sprint_one_cm":49419,"minecraft:damage_taken":140,"minecraft:walk_one_cm":80810,"minecraft:sneak_time":24,"minecraft:mob_kills":4,"minecraft:jump":235,"minecraft:damage_dealt":341,"minecraft:time_since_death":16489,"minecraft:total_world_time":16489,"minecraft:interact_with_crafting_table":11,"minecraft:fall_one_cm":8872,"minecraft:fly_one_cm":33311,"minecraft:player_kills":1,"minecraft:open_chest":1},"minecraft:crafted":{"biomesoplenty:fir_planks":8,"minecraft:stick":4,"minecraft:bread":1,"minecraft:wooden_pickaxe":1,"minecraft:wooden_axe":1},"minecraft:picked_up":{"minecraft:stick":1,"minecraft:crafting_table":2,"promenade:duck":1,"minecraft:wheat_seeds":2,"biomesoplenty:fir_sapling":1,"biomesoplenty:fir_log":3,"minecraft:porkchop":3},"minecraft:used":{"minecraft:wooden_axe":22,"minecraft:crafting_table":1,"minecraft:bread":1,"minecraft:porkchop":1,"biomesoplenty:fir_sapling":1}},"DataVersion":3465}