{"stats":{"minecraft:crafted":{"minecraft:cooked_beef":6,"minecraft:cooked_porkchop":5,"minecraft:crafting_table":1,"minecraft:jungle_boat":1,"minecraft:wooden_pickaxe":1,"minecraft:furnace":1,"minecraft:stone_axe":1,"minecraft:jungle_planks":28,"minecraft:jungle_door":3,"minecraft:stick":8,"minecraft:stone_pickaxe":2,"minecraft:torch":4},"minecraft:killed":{"minecraft:pig":5,"hordes:zombie_player":1,"minecraft:sheep":3,"minecraft:zombie":3,"minecraft:chicken":1,"alexsmobs:fly":1,"minecraft:cow":4},"minecraft:used":{"minecraft:stone_pickaxe":102,"minecraft:wooden_pickaxe":16,"minecraft:jungle_boat":2,"minecraft:white_wool":1,"minecraft:torch":1,"minecraft:crafting_table":4,"minecraft:jungle_planks":10,"minecraft:bread":4,"minecraft:melon_slice":16,"marbledsarsenal:police_baton":40,"minecraft:stone_axe":99,"minecraft:cobblestone":9,"minecraft:mangrove_roots":1,"minecraft:furnace":1,"minecraft:cooked_porkchop":1,"minecraft:jungle_door":1,"comforts:sleeping_bag_white":5,"minecraft:cooked_beef":2},"minecraft:mined":{"minecraft:jungle_leaves":1,"minecraft:mangrove_roots":3,"psg:sulphur_ore":1,"minecraft:crafting_table":4,"minecraft:grass_block":10,"minecraft:decorated_pot":1,"minecraft:melon":3,"minecraft:jungle_planks":4,"minecraft:jungle_log":6,"minecraft:tall_grass":5,"minecraft:sugar_cane":1,"minecraft:mud":2,"minecraft:mangrove_leaves":17,"minecraft:grass":9,"minecraft:coal_ore":17,"projectvibrantjourneys:short_grass":5,"minecraft:vine":3,"minecraft:sunflower":1,"minecraft:dirt":7,"minecraft:stone":75,"create:crimsite":1,"minecraft:white_wool":1,"minecraft:oak_leaves":16,"minecraft:fern":2},"minecraft:dropped":{"minecraft:iron_ingot":4,"minecraft:sugar_cane":2,"minecraft:wheat_seeds":2,"minecraft:mangrove_roots":1,"minecraft:feather":1,"minecraft:rotten_flesh":4,"minecraft:stick":1,"minecraft:sunflower":1,"comforts:sleeping_bag_white":1,"minecraft:mud":2,"minecraft:stone_pickaxe":1,"minecraft:white_wool":1},"minecraft:picked_up":{"sophisticatedbackpacks:gold_backpack":1,"minecraft:mud":2,"minecraft:shelter_pottery_sherd":1,"minecraft:crafting_table":4,"minecraft:jungle_boat":2,"minecraft:feather":1,"minecraft:chicken":1,"minecraft:jungle_log":8,"minecraft:leather":4,"minecraft:lead":2,"minecraft:brick":3,"minecraft:gunpowder":1,"minecraft:dirt":16,"minecraft:bone":2,"minecraft:wheat_seeds":4,"comforts:sleeping_bag_white":7,"minecraft:iron_ingot":4,"minecraft:beef":6,"minecraft:poppy":2,"minecraft:melon_slice":17,"minecraft:sugar_cane":2,"minecraft:stick":2,"minecraft:jungle_door":1,"psg:raw_potassium":2,"minecraft:torch":1,"minecraft:jungle_planks":5,"minecraft:porkchop":10,"pointblank:gunmetal_nugget":2,"psg:sulphur":3,"minecraft:rotten_flesh":4,"create:crimsite":1,"minecraft:mangrove_roots":2,"minecraft:oak_sapling":1,"minecraft:mutton":6,"minecraft:coal":13,"minecraft:white_wool":3,"minecraft:cobblestone":79,"minecraft:sunflower":1},"minecraft:broken":{"minecraft:stone_axe":1},"minecraft:custom":{"minecraft:interact_with_furnace":17,"minecraft:mob_kills":18,"minecraft:interact_with_crafting_table":25,"minecraft:damage_dealt_resisted":13,"minecraft:leave_game":5,"minecraft:time_since_death":97035,"minecraft:sleep_in_bed":5,"minecraft:climb_one_cm":1266,"minecraft:time_since_rest":9996,"minecraft:sprint_one_cm":478364,"minecraft:damage_taken":118,"minecraft:walk_one_cm":248359,"minecraft:drop":12,"minecraft:damage_dealt":2363,"minecraft:swim_one_cm":24843,"minecraft:talked_to_villager":1,"minecraft:fly_one_cm":236678,"minecraft:player_kills":1,"minecraft:open_chest":3,"minecraft:crouch_one_cm":391,"minecraft:play_time":97035,"minecraft:sneak_time":264,"minecraft:walk_under_water_one_cm":14203,"minecraft:boat_one_cm":191005,"minecraft:jump":1470,"minecraft:walk_on_water_one_cm":12739,"minecraft:total_world_time":97035,"minecraft:fall_one_cm":15300}},"DataVersion":3465}