{"stats":{"minecraft:killed_by":{"minecraft:zombie":1},"minecraft:custom":{"minecraft:interact_with_furnace":18,"minecraft:mob_kills":18,"minecraft:interact_with_crafting_table":32,"minecraft:damage_dealt_resisted":13,"minecraft:leave_game":5,"minecraft:time_since_death":28250,"minecraft:sleep_in_bed":7,"minecraft:climb_one_cm":11020,"minecraft:time_since_rest":12061,"minecraft:sprint_one_cm":496209,"minecraft:damage_taken":448,"minecraft:walk_one_cm":337027,"minecraft:drop":17,"minecraft:damage_dealt":2372,"minecraft:swim_one_cm":24843,"minecraft:talked_to_villager":1,"minecraft:fly_one_cm":241889,"minecraft:player_kills":1,"minecraft:open_chest":3,"minecraft:deaths":1,"minecraft:crouch_one_cm":21408,"minecraft:play_time":126398,"minecraft:sneak_time":5787,"minecraft:walk_under_water_one_cm":14203,"minecraft:boat_one_cm":191005,"minecraft:jump":1677,"minecraft:walk_on_water_one_cm":12739,"minecraft:total_world_time":126398,"minecraft:fall_one_cm":19380},"minecraft:crafted":{"minecraft:cooked_beef":6,"minecraft:cooked_porkchop":5,"minecraft:crafting_table":1,"minecraft:jungle_boat":1,"minecraft:wooden_pickaxe":1,"minecraft:furnace":1,"minecraft:mangrove_planks":20,"minecraft:stone_axe":2,"minecraft:jungle_planks":28,"minecraft:jungle_door":3,"minecraft:stick":8,"minecraft:stone_pickaxe":2,"minecraft:acacia_planks":16,"minecraft:torch":4},"minecraft:killed":{"minecraft:pig":5,"hordes:zombie_player":1,"minecraft:sheep":3,"minecraft:zombie":3,"minecraft:chicken":1,"alexsmobs:fly":1,"minecraft:cow":4},"minecraft:broken":{"minecraft:stone_axe":1},"minecraft:dropped":{"minecraft:iron_ingot":4,"minecraft:sugar_cane":2,"minecraft:wheat_seeds":6,"minecraft:mangrove_roots":1,"minecraft:feather":1,"minecraft:rotten_flesh":4,"minecraft:stick":3,"minecraft:poppy":2,"minecraft:oak_sapling":1,"minecraft:sunflower":1,"comforts:sleeping_bag_white":1,"minecraft:mud":2,"minecraft:stone_pickaxe":1,"minecraft:white_wool":1},"minecraft:picked_up":{"sophisticatedbackpacks:gold_backpack":2,"minecraft:mud":2,"minecraft:shelter_pottery_sherd":2,"minecraft:crafting_table":5,"minecraft:jungle_boat":3,"minecraft:feather":1,"minecraft:cooked_beef":4,"minecraft:chicken":2,"minecraft:jungle_log":9,"minecraft:leather":8,"minecraft:lead":4,"minecraft:wooden_pickaxe":1,"minecraft:brick":6,"minecraft:gunpowder":2,"marbledsarsenal:cm6m_gas_mask":1,"minecraft:dirt":41,"minecraft:leather_boots":1,"minecraft:bone":4,"minecraft:wheat_seeds":8,"minecraft:bucket":1,"comforts:sleeping_bag_white":10,"minecraft:iron_ingot":4,"minecraft:beef":6,"minecraft:stone_pickaxe":1,"minecraft:poppy":4,"minecraft:mangrove_planks":19,"minecraft:melon_slice":17,"minecraft:sugar_cane":2,"minecraft:acacia_sapling":2,"minecraft:mangrove_log":7,"minecraft:stick":6,"marbledsarsenal:police_baton":1,"minecraft:jungle_door":4,"minecraft:cooked_porkchop":4,"psg:raw_potassium":4,"minecraft:acacia_log":114,"minecraft:torch":1,"minecraft:jungle_planks":6,"minecraft:porkchop":18,"pointblank:gunmetal_nugget":2,"psg:sulphur":6,"minecraft:vine":3,"alexsmobs:animal_dictionary":1,"minecraft:mangrove_leaves":132,"pointblank:m1911a1":1,"pointblank:ammo45acp":36,"minecraft:rotten_flesh":4,"create:crimsite":2,"minecraft:shears":1,"minecraft:bread":8,"minecraft:mangrove_roots":2,"minecraft:oak_sapling":2,"minecraft:mutton":6,"minecraft:coal":14,"minecraft:white_wool":4,"minecraft:cobblestone":132,"minecraft:sunflower":1},"minecraft:mined":{"minecraft:jungle_leaves":1,"minecraft:mangrove_roots":3,"psg:sulphur_ore":1,"minecraft:crafting_table":5,"minecraft:acacia_log":10,"minecraft:grass_block":10,"minecraft:decorated_pot":1,"minecraft:melon":3,"minecraft:jungle_planks":4,"minecraft:jungle_log":6,"minecraft:tall_grass":5,"minecraft:sugar_cane":1,"minecraft:mud":2,"minecraft:mangrove_planks":20,"minecraft:mangrove_leaves":232,"minecraft:grass":9,"minecraft:coal_ore":17,"projectvibrantjourneys:short_grass":5,"minecraft:vine":9,"minecraft:sunflower":1,"minecraft:dirt":16,"minecraft:mangrove_log":8,"minecraft:stone":75,"create:crimsite":1,"minecraft:white_wool":1,"minecraft:oak_leaves":16,"minecraft:fern":2},"minecraft:used":{"minecraft:mangrove_leaves":126,"minecraft:acacia_log":30,"minecraft:stone_pickaxe":102,"minecraft:mangrove_planks":20,"minecraft:wooden_pickaxe":16,"minecraft:jungle_boat":2,"minecraft:white_wool":1,"minecraft:torch":1,"minecraft:dirt":25,"minecraft:crafting_table":5,"minecraft:jungle_planks":10,"minecraft:shears":174,"minecraft:mangrove_log":2,"minecraft:bread":5,"minecraft:melon_slice":16,"marbledsarsenal:police_baton":44,"minecraft:stone_axe":174,"minecraft:cobblestone":9,"minecraft:mangrove_roots":1,"minecraft:furnace":1,"minecraft:cooked_porkchop":1,"minecraft:jungle_door":1,"comforts:sleeping_bag_white":7,"minecraft:acacia_planks":12,"minecraft:cooked_beef":2}},"DataVersion":3465}