{"stats":{"minecraft:crafted":{"minecraft:jungle_door":3,"minecraft:crafting_table":1,"minecraft:stick":8,"minecraft:wooden_pickaxe":1,"minecraft:stone_pickaxe":2,"minecraft:furnace":1,"minecraft:torch":4,"minecraft:stone_axe":1,"minecraft:jungle_planks":24},"minecraft:used":{"minecraft:stone_pickaxe":49,"minecraft:wooden_pickaxe":16,"marbledsarsenal:police_baton":24,"minecraft:stone_axe":23,"minecraft:torch":1,"minecraft:white_wool":1,"minecraft:cobblestone":4,"minecraft:mangrove_roots":1,"minecraft:crafting_table":2,"minecraft:furnace":1,"minecraft:jungle_planks":10,"minecraft:jungle_door":1},"minecraft:killed":{"minecraft:sheep":1,"minecraft:zombie":1,"hordes:zombie_player":1},"minecraft:dropped":{"minecraft:stone_pickaxe":1},"minecraft:mined":{"minecraft:mud":2,"minecraft:jungle_leaves":1,"minecraft:mangrove_roots":2,"minecraft:crafting_table":1,"minecraft:grass":3,"minecraft:coal_ore":11,"minecraft:melon":3,"projectvibrantjourneys:short_grass":1,"minecraft:jungle_planks":4,"minecraft:jungle_log":6,"minecraft:tall_grass":3,"minecraft:stone":52,"minecraft:sugar_cane":1,"minecraft:white_wool":1,"minecraft:fern":1},"minecraft:picked_up":{"minecraft:mud":2,"minecraft:stick":2,"minecraft:crafting_table":1,"minecraft:jungle_log":8,"minecraft:torch":1,"minecraft:jungle_planks":5,"minecraft:gunpowder":1,"minecraft:bone":1,"minecraft:rotten_flesh":3,"minecraft:wheat_seeds":1,"minecraft:mangrove_roots":2,"minecraft:melon_slice":17,"minecraft:sugar_cane":2,"minecraft:mutton":3,"minecraft:coal":11,"minecraft:white_wool":2,"minecraft:cobblestone":56},"minecraft:custom":{"minecraft:time_since_rest":20190,"minecraft:interact_with_furnace":3,"minecraft:sprint_one_cm":40561,"minecraft:damage_taken":23,"minecraft:walk_one_cm":51623,"minecraft:mob_kills":3,"minecraft:drop":1,"minecraft:damage_dealt":776,"minecraft:interact_with_crafting_table":19,"minecraft:fly_one_cm":10385,"minecraft:player_kills":1,"minecraft:play_time":20190,"minecraft:damage_dealt_resisted":7,"minecraft:jump":87,"minecraft:time_since_death":20190,"minecraft:climb_one_cm":554,"minecraft:total_world_time":20190,"minecraft:fall_one_cm":209}},"DataVersion":3465}