{"stats":{"minecraft:crafted":{"minecraft:cooked_beef":6,"minecraft:cooked_porkchop":5,"minecraft:crafting_table":1,"minecraft:wooden_pickaxe":1,"minecraft:furnace":1,"minecraft:stone_axe":1,"minecraft:jungle_planks":24,"minecraft:jungle_door":3,"minecraft:stick":8,"minecraft:stone_pickaxe":2,"minecraft:torch":4},"minecraft:killed":{"minecraft:pig":1,"hordes:zombie_player":1,"minecraft:sheep":1,"minecraft:zombie":2,"minecraft:chicken":1,"minecraft:cow":4},"minecraft:used":{"minecraft:stone_pickaxe":80,"minecraft:wooden_pickaxe":16,"minecraft:white_wool":1,"minecraft:torch":1,"minecraft:crafting_table":2,"minecraft:jungle_planks":10,"minecraft:melon_slice":16,"marbledsarsenal:police_baton":36,"minecraft:stone_axe":48,"minecraft:cobblestone":9,"minecraft:mangrove_roots":1,"minecraft:furnace":1,"minecraft:cooked_porkchop":1,"minecraft:jungle_door":1,"comforts:sleeping_bag_white":2},"minecraft:mined":{"minecraft:jungle_leaves":1,"minecraft:mangrove_roots":2,"minecraft:crafting_table":3,"minecraft:melon":3,"minecraft:decorated_pot":1,"minecraft:jungle_planks":4,"minecraft:jungle_log":6,"minecraft:tall_grass":5,"minecraft:sugar_cane":1,"minecraft:mud":2,"minecraft:grass":9,"minecraft:coal_ore":17,"projectvibrantjourneys:short_grass":2,"minecraft:vine":1,"minecraft:sunflower":1,"minecraft:stone":75,"minecraft:white_wool":1,"minecraft:fern":1},"minecraft:dropped":{"minecraft:sugar_cane":2,"minecraft:wheat_seeds":2,"minecraft:mangrove_roots":1,"minecraft:feather":1,"minecraft:rotten_flesh":4,"minecraft:stick":1,"minecraft:sunflower":1,"minecraft:mud":2,"minecraft:stone_pickaxe":1,"minecraft:white_wool":1},"minecraft:picked_up":{"minecraft:mud":2,"minecraft:shelter_pottery_sherd":1,"minecraft:crafting_table":3,"minecraft:feather":1,"minecraft:chicken":1,"minecraft:jungle_log":8,"minecraft:leather":4,"minecraft:brick":3,"minecraft:gunpowder":1,"minecraft:bone":2,"minecraft:wheat_seeds":2,"comforts:sleeping_bag_white":3,"minecraft:beef":6,"minecraft:melon_slice":17,"minecraft:sugar_cane":2,"minecraft:stick":2,"minecraft:jungle_door":1,"psg:raw_potassium":2,"minecraft:torch":1,"pointblank:gunmetal_nugget":2,"minecraft:porkchop":2,"minecraft:jungle_planks":5,"minecraft:rotten_flesh":4,"minecraft:mangrove_roots":2,"minecraft:mutton":3,"minecraft:coal":13,"minecraft:white_wool":2,"minecraft:cobblestone":79,"minecraft:sunflower":1},"minecraft:custom":{"minecraft:interact_with_furnace":17,"minecraft:mob_kills":10,"minecraft:interact_with_crafting_table":22,"minecraft:damage_dealt_resisted":13,"minecraft:time_since_death":56190,"minecraft:sleep_in_bed":2,"minecraft:climb_one_cm":827,"minecraft:time_since_rest":6195,"minecraft:sprint_one_cm":231924,"minecraft:damage_taken":23,"minecraft:walk_one_cm":165399,"minecraft:drop":10,"minecraft:damage_dealt":1540,"minecraft:swim_one_cm":14019,"minecraft:fly_one_cm":83089,"minecraft:player_kills":1,"minecraft:open_chest":2,"minecraft:crouch_one_cm":329,"minecraft:play_time":56190,"minecraft:sneak_time":167,"minecraft:walk_under_water_one_cm":1482,"minecraft:jump":687,"minecraft:walk_on_water_one_cm":1981,"minecraft:total_world_time":56190,"minecraft:fall_one_cm":2628}},"DataVersion":3465}