{"stats":{"minecraft:crafted":{"minecraft:furnace":1,"minecraft:stone_pickaxe":1,"minecraft:crafting_table":1,"minecraft:stick":4,"minecraft:wooden_pickaxe":1,"minecraft:jungle_planks":16},"minecraft:used":{"minecraft:white_wool":1,"minecraft:crafting_table":2,"minecraft:furnace":1,"minecraft:jungle_planks":3,"minecraft:stone_pickaxe":12,"minecraft:wooden_pickaxe":14,"marbledsarsenal:police_baton":16},"minecraft:killed":{"minecraft:sheep":1,"hordes:zombie_player":1},"minecraft:picked_up":{"minecraft:crafting_table":1,"minecraft:jungle_log":8,"minecraft:wheat_seeds":1,"minecraft:coal":10,"minecraft:mutton":3,"minecraft:white_wool":2,"minecraft:cobblestone":16},"minecraft:mined":{"minecraft:grass":2,"minecraft:coal_ore":10,"projectvibrantjourneys:short_grass":1,"minecraft:jungle_log":6,"minecraft:tall_grass":3,"minecraft:jungle_leaves":1,"minecraft:stone":16,"minecraft:crafting_table":1,"minecraft:white_wool":1},"minecraft:custom":{"minecraft:time_since_rest":8190,"minecraft:interact_with_furnace":1,"minecraft:play_time":8190,"minecraft:sprint_one_cm":21175,"minecraft:damage_taken":23,"minecraft:walk_one_cm":18207,"minecraft:mob_kills":2,"minecraft:jump":33,"minecraft:damage_dealt":329,"minecraft:time_since_death":8190,"minecraft:total_world_time":8190,"minecraft:climb_one_cm":189,"minecraft:interact_with_crafting_table":10,"minecraft:fall_one_cm":209,"minecraft:fly_one_cm":2786,"minecraft:player_kills":1}},"DataVersion":3465}