{"stats":{"minecraft:custom":{"lootr:looted_stat":13,"minecraft:animals_bred":1,"minecraft:interact_with_crafting_table":47,"minecraft:open_barrel":31,"minecraft:leave_game":9,"minecraft:time_since_death":14303,"minecraft:sprint_one_cm":1222919,"minecraft:drop":206,"minecraft:play_time":365133,"minecraft:deaths":9,"minecraft:jump":7658,"minecraft:walk_on_water_one_cm":63293,"minecraft:interact_with_furnace":25,"minecraft:sleep_in_bed":32,"minecraft:damage_dealt":10288,"minecraft:player_kills":3,"minecraft:crouch_one_cm":23952,"minecraft:mob_kills":60,"minecraft:interact_with_campfire":9,"minecraft:climb_one_cm":2224,"minecraft:walk_one_cm":910385,"minecraft:sneak_time":7917,"minecraft:walk_under_water_one_cm":93042,"minecraft:boat_one_cm":175789,"minecraft:total_world_time":365133,"minecraft:time_since_rest":10861,"minecraft:damage_taken":9649,"minecraft:swim_one_cm":311509,"minecraft:fly_one_cm":1649443,"minecraft:open_chest":70,"minecraft:fall_one_cm":225399},"minecraft:killed":{"minecraft:spider":1,"minecraft:skeleton":8,"minecraft:pig":1,"minecraft:salmon":3,"minecraft:iron_golem":1,"minecraft:pillager":10,"minecraft:zombie":10,"minecraft:horse":4,"naturalist:deer":1,"naturalist:bass":8,"minecraft:drowned":9,"naturalist:canary":1,"minecraft:player":3,"minecraft:enderman":1},"minecraft:broken":{"minecraft:stone_pickaxe":3,"minecraft:stone_axe":6,"minecraft:stone_shovel":1,"minecraft:wooden_pickaxe":1,"minecraft:iron_axe":1,"minecraft:iron_pickaxe":1},"minecraft:killed_by":{"minecraft:drowned":1,"minecraft:player":5},"minecraft:dropped":{"minecraft:brown_mushroom":1,"minecraft:cooked_beef":1,"minecraft:crossbow":1,"biomesoplenty:fir_sapling":12,"minecraft:red_mushroom":1,"minecraft:cobblestone_stairs":9,"minecraft:emerald":4,"minecraft:dark_oak_log":171,"minecraft:brush":1,"minecraft:iron_pickaxe":2,"minecraft:dark_oak_planks":688,"minecraft:gravel":25,"minecraft:sugar_cane":3,"minecraft:pink_dye":4,"minecraft:cherry_sapling":112,"minecraft:beetroot":7,"minecraft:rotten_flesh":5,"minecraft:cooked_mutton":2,"minecraft:salmon":1,"minecraft:poppy":1,"minecraft:egg":1,"minecraft:bread":15,"minecraft:cherry_log":256,"naturalist:teddy_bear":1,"minecraft:iron_helmet":2,"minecraft:cobblestone":106,"minecraft:book":1,"minecraft:torch":10,"naturalist:bass":4,"minecraft:cherry_planks":197,"minecraft:iron_axe":2,"minecraft:coarse_dirt":2,"minecraft:stone_shovel":1,"minecraft:iron_chestplate":1,"minecraft:stripped_cherry_log":9,"minecraft:wooden_pickaxe":2,"minecraft:nautilus_shell":1},"minecraft:picked_up":{"minecraft:wheat":66,"minecraft:flower_pot":5,"minecraft:stone_brick_stairs":4,"another_furniture:pink_lamp":1,"minecraft:string":1,"minecraft:raw_copper":12,"minecraft:smooth_stone_slab":1,"minecraft:beetroot":21,"minecraft:deepslate_tiles":20,"minecraft:gold_nugget":1,"biomesoplenty:fir_planks":50,"biomesoplenty:pink_hibiscus":1,"minecraft:cobblestone_slab":19,"minecraft:iron_pickaxe":8,"minecraft:stick":385,"minecraft:torch":129,"minecraft:porkchop":3,"biomesoplenty:orange_maple_sapling":6,"minecraft:cherry_log":550,"minecraft:diorite":1,"minecraft:pointed_dripstone":11,"minecraft:deepslate_tile_stairs":7,"minecraft:rotten_flesh":45,"minecraft:cobblestone":543,"minecraft:nautilus_shell":1,"minecraft:birch_log":7,"minecraft:pink_petals":32,"minecraft:mossy_cobblestone_slab":3,"minecraft:feather":4,"minecraft:cooked_beef":2,"minecraft:cherry_planks":89,"minecraft:black_bed":1,"minecraft:potato":13,"biomesoplenty:fir_log":48,"biomesoplenty:fir_sapling":12,"minecraft:flint":39,"minecraft:cherry_fence":5,"minecraft:dirt":185,"minecraft:cherry_door":3,"minecraft:name_tag":2,"minecraft:bone":7,"minecraft:bow":2,"minecraft:wheat_seeds":3,"biomesoplenty:fir_boat":2,"minecraft:mossy_stone_bricks":17,"minecraft:stone_hoe":2,"minecraft:cooked_porkchop":4,"minecraft:sand":92,"minecraft:ink_sac":4,"minecraft:grass_block":1,"minecraft:mossy_cobblestone":38,"minecraft:barrel":1,"minecraft:dark_oak_log":170,"minecraft:crossbow":5,"minecraft:granite":1,"minecraft:bread":163,"minecraft:emerald":20,"minecraft:oak_sapling":48,"minecraft:cherry_slab":24,"minecraft:dark_oak_fence":2,"minecraft:crafting_table":2,"minecraft:coarse_dirt":11,"minecraft:chicken":2,"naturalist:venison":8,"minecraft:brown_mushroom":4,"minecraft:wooden_pickaxe":1,"minecraft:stripped_cherry_log":13,"minecraft:red_bed":4,"minecraft:iron_axe":5,"minecraft:iron_shovel":4,"minecraft:cracked_stone_bricks":42,"simplyswords:runic_tablet":9,"minecraft:mossy_cobblestone_wall":17,"minecraft:beef":2,"minecraft:poppy":5,"minecraft:sugar_cane":12,"minecraft:chest":2,"minecraft:cherry_trapdoor":15,"minecraft:egg":5,"minecraft:raw_iron":44,"minecraft:cherry_stairs":12,"minecraft:copper_ingot":5,"minecraft:dark_oak_planks":825,"minecraft:stone_shovel":6,"minecraft:arrow":45,"minecraft:hay_block":51,"minecraft:gold_ingot":6,"minecraft:mutton":2,"minecraft:white_wool":1,"minecraft:cracked_deepslate_tiles":5,"naturalist:teddy_bear":1,"minecraft:salmon":3,"minecraft:leather":20,"minecraft:red_mushroom":8,"minecraft:birch_planks":1,"minecraft:oak_log":15,"minecraft:yellow_bed":2,"minecraft:cobblestone_wall":79,"minecraft:cobblestone_stairs":49,"simplyswords:diamond_glaive":8,"minecraft:deepslate_tile_slab":14,"minecraft:white_banner":7,"naturalist:bass":11,"minecraft:apple":8,"minecraft:stone_bricks":26,"biomesoplenty:maple_log":5,"minecraft:iron_ingot":17,"minecraft:stone_pickaxe":3,"minecraft:book":10,"naturalist:cooked_venison":2,"minecraft:dark_oak_slab":5,"minecraft:stone_brick_slab":9,"minecraft:dripstone_block":7,"minecraft:gravel":117,"minecraft:stone_axe":1,"minecraft:iron_helmet":3,"minecraft:cherry_sapling":193,"minecraft:mossy_cobblestone_stairs":3,"minecraft:baked_potato":29,"minecraft:coal":140,"minecraft:ender_pearl":1},"minecraft:mined":{"minecraft:dark_oak_planks":230,"minecraft:cherry_log":368,"minecraft:cobblestone_stairs":33,"minecraft:cherry_trapdoor":17,"minecraft:grass_block":45,"biomesoplenty:pink_hibiscus":1,"minecraft:deepslate_tile_stairs":3,"minecraft:tall_seagrass":1,"minecraft:mossy_cobblestone_slab":3,"minecraft:mossy_cobblestone_stairs":3,"minecraft:iron_ore":40,"minecraft:barrel":1,"minecraft:pointed_dripstone":8,"another_furniture:pink_lamp":1,"biomesoplenty:maple_log":5,"minecraft:potted_brown_mushroom":1,"minecraft:red_bed":4,"minecraft:deepslate_tile_slab":7,"biomesoplenty:hanging_cobweb_strand":1,"minecraft:torch":5,"minecraft:mossy_cobblestone_wall":5,"minecraft:poppy":1,"minecraft:chest":2,"minecraft:dead_bush":1,"minecraft:cobblestone":146,"minecraft:sugar_cane":1,"minecraft:wall_torch":10,"minecraft:cherry_slab":24,"minecraft:pink_petals":8,"minecraft:seagrass":1,"minecraft:cherry_fence":6,"minecraft:dark_oak_slab":3,"minecraft:birch_log":7,"minecraft:cherry_door":1,"biomesoplenty:fir_log":64,"minecraft:stone_brick_stairs":4,"minecraft:smooth_stone_slab":1,"minecraft:grass":10,"minecraft:cracked_deepslate_tiles":3,"minecraft:oak_log":15,"minecraft:sand":98,"minecraft:dirt":123,"minecraft:suspicious_gravel":5,"minecraft:deepslate_tiles":8,"minecraft:mossy_cobblestone":34,"minecraft:cherry_sapling":6,"minecraft:stripped_cherry_log":4,"minecraft:dark_oak_log":187,"minecraft:dark_oak_fence":1,"minecraft:hay_block":43,"minecraft:bookshelf":2,"minecraft:cobblestone_slab":15,"minecraft:vine":1,"minecraft:stone":379,"minecraft:cherry_stairs":12,"minecraft:cherry_planks":20,"minecraft:stone_brick_slab":6,"minecraft:crafting_table":2,"minecraft:tall_grass":1,"minecraft:diorite":1,"minecraft:birch_planks":1,"minecraft:coarse_dirt":17,"minecraft:cobblestone_wall":21,"minecraft:yellow_bed":2,"minecraft:coal_ore":139,"minecraft:gravel":30,"minecraft:dripstone_block":7,"minecraft:cracked_stone_bricks":47,"minecraft:stone_bricks":24,"minecraft:mossy_stone_bricks":13},"minecraft:used":{"minecraft:cherry_sapling":54,"minecraft:iron_shovel":63,"minecraft:poppy":3,"minecraft:chest":2,"minecraft:iron_chestplate":1,"naturalist:cooked_venison":2,"minecraft:grass_block":1,"minecraft:iron_helmet":1,"minecraft:dark_oak_slab":2,"minecraft:stone_brick_stairs":4,"minecraft:stone_bricks":18,"minecraft:bow":4,"minecraft:furnace":1,"another_furniture:service_bell":1,"naturalist:teddy_bear":5,"minecraft:egg":3,"minecraft:potato":8,"minecraft:mossy_stone_bricks":7,"minecraft:diorite":1,"minecraft:stone_pickaxe":418,"minecraft:oak_planks":2,"minecraft:wooden_pickaxe":60,"biomesoplenty:fir_planks":21,"biomesoplenty:fir_boat":5,"minecraft:sand":2,"minecraft:crossbow":2,"minecraft:black_bed":2,"minecraft:deepslate_tiles":8,"minecraft:bread":129,"minecraft:gravel":23,"minecraft:smooth_stone_slab":1,"minecraft:oak_boat":1,"minecraft:stripped_cherry_log":1,"minecraft:coarse_dirt":4,"simplyswords:diamond_glaive":140,"minecraft:stone_shovel":216,"minecraft:stone_hoe":34,"minecraft:torch":153,"minecraft:dirt":189,"minecraft:cobblestone_wall":5,"minecraft:granite":1,"minecraft:mossy_cobblestone_stairs":3,"minecraft:stone_brick_slab":5,"minecraft:dark_oak_planks":4,"minecraft:iron_axe":374,"minecraft:cherry_slab":5,"minecraft:cherry_trapdoor":14,"minecraft:barrel":1,"minecraft:goat_horn":5,"minecraft:cooked_beef":1,"minecraft:cherry_log":4,"minecraft:pointed_dripstone":7,"naturalist:bass":3,"another_furniture:pink_lamp":3,"minecraft:cobblestone_stairs":20,"minecraft:baked_potato":36,"biomesoplenty:pink_hibiscus":2,"minecraft:cobblestone_slab":15,"minecraft:cracked_stone_bricks":38,"minecraft:mossy_cobblestone":32,"minecraft:crafting_table":4,"minecraft:red_bed":3,"minecraft:red_mushroom":1,"minecraft:apple":4,"minecraft:cherry_door":1,"minecraft:iron_pickaxe":477,"minecraft:stone_axe":669,"minecraft:pink_petals":28,"minecraft:cobblestone":325,"minecraft:white_banner":5,"minecraft:cooked_porkchop":3,"minecraft:yellow_bed":2,"minecraft:brush":10,"biomesoplenty:fir_log":1},"minecraft:crafted":{"minecraft:black_dye":1,"minecraft:oak_planks":60,"minecraft:cherry_slab":12,"minecraft:cobblestone_stairs":12,"minecraft:cooked_mutton":2,"minecraft:glass":34,"minecraft:crafting_table":2,"minecraft:wooden_pickaxe":2,"minecraft:baked_potato":34,"minecraft:iron_helmet":2,"minecraft:brush":1,"biomesoplenty:fir_planks":188,"minecraft:iron_chestplate":1,"minecraft:stick":12,"minecraft:iron_pickaxe":4,"minecraft:iron_ingot":34,"minecraft:black_bed":1,"minecraft:cherry_planks":256,"minecraft:stone_shovel":2,"biomesoplenty:maple_planks":20,"minecraft:furnace":1,"minecraft:pink_dye":4,"minecraft:cherry_trapdoor":4,"minecraft:iron_axe":2,"minecraft:stone_pickaxe":4,"minecraft:wheat":387,"minecraft:cooked_beef":2,"minecraft:red_dye":1,"biomesoplenty:fir_boat":3,"minecraft:stone_axe":4,"minecraft:bread":118,"minecraft:air":0,"minecraft:oak_boat":1,"minecraft:torch":140}},"DataVersion":3465}