{"stats":{"minecraft:crafted":{"minecraft:wooden_sword":1,"minecraft:oak_planks":20,"minecraft:stone_shovel":1,"comforts:sleeping_bag_white":2,"minecraft:furnace":1,"minecraft:bone_meal":3,"minecraft:cooked_mutton":4,"minecraft:stone_pickaxe":1,"minecraft:chest":2,"minecraft:cooked_beef":12,"minecraft:cooked_porkchop":8,"minecraft:crafting_table":4,"minecraft:jungle_boat":1,"minecraft:stone_axe":1,"minecraft:air":0,"minecraft:jungle_planks":24,"minecraft:white_wool":1,"minecraft:white_dye":3,"minecraft:stick":8,"minecraft:iron_pickaxe":1,"minecraft:acacia_planks":12,"minecraft:torch":8,"minecraft:shears":1},"minecraft:killed":{"hordes:zombie_player":1,"minecraft:endermite":1,"alexsmobs:seagull":1,"minecraft:chicken":16,"minecraft:husk":1,"minecraft:pig":12,"minecraft:iron_golem":1,"hordes:drowned_player":1,"minecraft:sheep":13,"minecraft:trader_llama":2,"minecraft:pillager":1,"minecraft:zombie":15,"alexsmobs:gazelle":1,"alexsmobs:fly":1,"alexsmobs:crow":2,"minecraft:cow":4},"minecraft:used":{"alexsmobs:emu_egg":1,"minecraft:moss_carpet":3,"minecraft:acacia_log":1,"minecraft:stone_shovel":28,"minecraft:chest":2,"minecraft:iron_sword":4,"minecraft:torch":12,"minecraft:mutton":14,"minecraft:dirt":1,"minecraft:jungle_planks":12,"minecraft:acacia_sapling":1,"minecraft:iron_axe":283,"marbledsarsenal:police_baton":205,"pointblank:workstation":2,"minecraft:mangrove_roots":34,"minecraft:oak_sapling":2,"minecraft:furnace":3,"minecraft:cooked_beef":7,"comforts:sleeping_bag_white":12,"minecraft:acacia_planks":3,"minecraft:cooked_mutton":4,"minecraft:stone_pickaxe":250,"minecraft:oak_planks":3,"minecraft:ender_pearl":1,"minecraft:leather_boots":1,"minecraft:jungle_boat":2,"minecraft:white_wool":6,"minecraft:sand":6,"minecraft:crafting_table":4,"minecraft:bread":9,"minecraft:iron_pickaxe":138,"minecraft:stone_axe":11,"minecraft:wooden_sword":6,"minecraft:cobblestone":60,"minecraft:porkchop":7,"minecraft:cooked_porkchop":8,"alexsmobs:animal_dictionary":1},"minecraft:killed_by":{"minecraft:player":1},"minecraft:dropped":{"minecraft:bread":7,"minecraft:shelter_pottery_sherd":1,"minecraft:wheat_seeds":6,"marbledsarsenal:police_baton":1,"minecraft:honeycomb":2,"minecraft:acacia_log":104,"projectvibrantjourneys:orange_bark_mushroom":2,"minecraft:stick":3,"sophisticatedbackpacks:gold_backpack":1,"minecraft:dirt":1,"minecraft:mutton":2,"projectvibrantjourneys:fallen_leaves":1,"minecraft:wooden_sword":1,"minecraft:white_wool":2,"pointblank:m1911a1":2,"projectvibrantjourneys:bark_mushroom":1,"pointblank:ammo45acp":55,"marbledsarsenal:cm6m_gas_mask":1,"minecraft:bone":9,"minecraft:moss_carpet":3,"alexsmobs:animal_dictionary":2,"minecraft:chicken":1,"minecraft:rotten_flesh":5,"minecraft:shears":1,"projectvibrantjourneys:light_brown_bark_mushroom":3,"minecraft:mangrove_log":77,"minecraft:leather_boots":1,"minecraft:acacia_sapling":2,"comforts:sleeping_bag_white":3,"minecraft:black_wool":1,"minecraft:brick":3},"minecraft:picked_up":{"sophisticatedbackpacks:gold_backpack":1,"minecraft:shelter_pottery_sherd":1,"minecraft:chicken":16,"minecraft:prismarine_shard":1,"minecraft:brick":3,"minecraft:moss_carpet":6,"minecraft:raw_copper":164,"minecraft:iron_axe":1,"minecraft:cobbled_deepslate":6,"comforts:sleeping_bag_white":15,"minecraft:beef":12,"minecraft:light_gray_wool":1,"minecraft:iron_pickaxe":1,"pointblank:workstation":2,"minecraft:mangrove_log":77,"minecraft:furnace":2,"minecraft:stick":20,"minecraft:raw_iron":13,"marbledsarsenal:police_baton":2,"projectvibrantjourneys:bark_mushroom":1,"minecraft:torch":4,"minecraft:acacia_log":118,"minecraft:porkchop":25,"pointblank:gunmetal_nugget":51,"psg:sulphur":62,"minecraft:golden_axe":1,"minecraft:pointed_dripstone":10,"pointblank:ammo45acp":55,"pointblank:m1911a1":3,"minecraft:rotten_flesh":29,"minecraft:stone_shovel":1,"k_turrets:raw_titanium":14,"alexsmobs:emu_egg":4,"minecraft:saddle":1,"minecraft:mangrove_roots":34,"minecraft:mutton":34,"minecraft:white_wool":13,"minecraft:cobblestone":181,"minecraft:jungle_boat":1,"minecraft:feather":32,"minecraft:jungle_log":6,"projectvibrantjourneys:fallen_leaves":1,"minecraft:leather":25,"alexsmobs:acacia_blossom":2,"minecraft:filled_map":1,"create:raw_zinc":15,"minecraft:oak_log":5,"minecraft:lily_pad":1,"minecraft:gunpowder":1,"marbledsarsenal:cm6m_gas_mask":2,"minecraft:dirt":3,"minecraft:name_tag":6,"minecraft:leather_boots":2,"minecraft:bone":10,"minecraft:acacia_planks":3,"minecraft:wheat_seeds":6,"minecraft:stone_pickaxe":1,"minecraft:iron_ingot":4,"minecraft:acacia_sapling":5,"projectvibrantjourneys:light_brown_bark_mushroom":3,"minecraft:dripstone_block":12,"minecraft:sand":40,"minecraft:jungle_planks":4,"minecraft:spider_eye":2,"alexsmobs:animal_dictionary":1,"minecraft:mangrove_leaves":15,"minecraft:diamond":6,"minecraft:emerald":1,"minecraft:golden_horse_armor":1,"minecraft:bread":7,"minecraft:mangrove_propagule":10,"projectvibrantjourneys:orange_bark_mushroom":2,"minecraft:oak_sapling":2,"minecraft:black_wool":2,"minecraft:coal":152,"minecraft:ender_pearl":3},"minecraft:mined":{"create:zinc_ore":15,"minecraft:tuff":1,"minecraft:deepslate_diamond_ore":3,"minecraft:mangrove_roots":36,"projectvibrantjourneys:rocks":1,"psg:sulphur_ore":16,"minecraft:acacia_log":72,"minecraft:grass_block":4,"minecraft:decorated_pot":1,"minecraft:jungle_planks":5,"minecraft:jungle_log":8,"minecraft:moss_block":1,"comforts:sleeping_bag_white":1,"minecraft:furnace":2,"minecraft:iron_ore":8,"minecraft:pointed_dripstone":6,"minecraft:deepslate_iron_ore":3,"minecraft:vine":7,"projectvibrantjourneys:seashells":1,"minecraft:stone":181,"create:veridium":1,"minecraft:acacia_leaves":12,"minecraft:jungle_door":1,"projectvibrantjourneys:twigs":3,"minecraft:dead_bush":2,"minecraft:tall_grass":2,"minecraft:copper_ore":25,"minecraft:cobblestone":7,"minecraft:deepslate_coal_ore":8,"projectvibrantjourneys:fallen_leaves":1,"minecraft:seagrass":1,"projectvibrantjourneys:bones":1,"minecraft:mangrove_leaves":127,"k_turrets:titanium_ore":7,"minecraft:grass":4,"minecraft:oak_log":5,"minecraft:coal_ore":77,"projectvibrantjourneys:short_grass":6,"minecraft:dripstone_block":6,"minecraft:sunflower":1,"minecraft:gravel":1,"minecraft:sand":29,"pointblank:workstation":2,"minecraft:mangrove_log":79,"minecraft:oak_leaves":2,"minecraft:deepslate":3},"minecraft:broken":{"minecraft:stone_pickaxe":2,"minecraft:iron_axe":1},"minecraft:custom":{"minecraft:mob_kills":74,"minecraft:interact_with_crafting_table":14,"minecraft:damage_dealt_resisted":1560,"minecraft:leave_game":8,"minecraft:time_since_death":6613,"minecraft:climb_one_cm":38459,"minecraft:sprint_one_cm":530535,"minecraft:walk_one_cm":353294,"minecraft:drop":45,"minecraft:damage_dealt_absorbed":110,"minecraft:talked_to_villager":6,"minecraft:play_time":160567,"minecraft:sneak_time":4797,"minecraft:deaths":2,"minecraft:walk_under_water_one_cm":32828,"minecraft:boat_one_cm":181876,"minecraft:jump":4676,"minecraft:walk_on_water_one_cm":33665,"minecraft:total_world_time":160567,"minecraft:interact_with_furnace":19,"minecraft:sleep_in_bed":11,"minecraft:time_since_rest":7326,"minecraft:damage_taken":1705,"minecraft:damage_dealt":7874,"minecraft:swim_one_cm":128331,"minecraft:fly_one_cm":870971,"minecraft:open_chest":12,"minecraft:crouch_one_cm":12827,"minecraft:fall_one_cm":136527}},"DataVersion":3465}