{"stats":{"minecraft:mined":{"minecraft:mossy_cobblestone":16,"minecraft:cherry_log":368,"minecraft:cobblestone_stairs":15,"minecraft:cherry_sapling":6,"minecraft:stripped_cherry_log":4,"minecraft:cherry_trapdoor":17,"minecraft:grass_block":45,"biomesoplenty:pink_hibiscus":1,"minecraft:hay_block":22,"minecraft:mossy_cobblestone_slab":3,"minecraft:mossy_cobblestone_stairs":2,"minecraft:iron_ore":21,"minecraft:barrel":1,"minecraft:pointed_dripstone":8,"minecraft:cobblestone_slab":4,"minecraft:stone":369,"minecraft:cherry_stairs":12,"minecraft:cherry_planks":20,"minecraft:red_bed":4,"minecraft:crafting_table":2,"minecraft:torch":3,"minecraft:mossy_cobblestone_wall":2,"minecraft:poppy":1,"minecraft:chest":2,"minecraft:dead_bush":1,"minecraft:cobblestone":40,"minecraft:diorite":1,"minecraft:wall_torch":10,"minecraft:cherry_slab":24,"minecraft:pink_petals":8,"minecraft:cherry_fence":6,"minecraft:coarse_dirt":3,"minecraft:cobblestone_wall":3,"minecraft:cherry_door":1,"biomesoplenty:fir_log":64,"minecraft:yellow_bed":2,"minecraft:grass":5,"minecraft:coal_ore":129,"minecraft:dripstone_block":7,"minecraft:gravel":16,"minecraft:sand":34,"minecraft:dirt":117,"minecraft:cracked_stone_bricks":11,"minecraft:stone_bricks":5,"minecraft:mossy_stone_bricks":7,"minecraft:suspicious_gravel":1},"minecraft:broken":{"minecraft:wooden_pickaxe":1,"minecraft:stone_pickaxe":3,"minecraft:stone_axe":5,"minecraft:stone_shovel":1},"minecraft:killed_by":{"minecraft:player":1},"minecraft:killed":{"minecraft:spider":1,"minecraft:skeleton":5,"minecraft:drowned":2,"minecraft:iron_golem":1,"minecraft:zombie":5,"minecraft:player":2},"minecraft:dropped":{"minecraft:cooked_beef":1,"minecraft:cherry_log":129,"naturalist:teddy_bear":1,"minecraft:iron_helmet":1,"minecraft:cobblestone":100,"biomesoplenty:fir_sapling":12,"minecraft:cobblestone_stairs":9,"minecraft:torch":10,"minecraft:cherry_planks":128,"minecraft:iron_axe":1,"minecraft:iron_pickaxe":1,"minecraft:gravel":25,"minecraft:pink_dye":4,"minecraft:stone_shovel":1,"minecraft:cherry_sapling":112,"minecraft:poppy":1,"minecraft:iron_chestplate":1,"minecraft:wooden_pickaxe":1},"minecraft:custom":{"lootr:looted_stat":9,"minecraft:mob_kills":16,"minecraft:interact_with_crafting_table":31,"minecraft:open_barrel":14,"minecraft:leave_game":8,"minecraft:time_since_death":88770,"minecraft:climb_one_cm":1448,"minecraft:sprint_one_cm":625895,"minecraft:walk_one_cm":483701,"minecraft:drop":152,"minecraft:play_time":198459,"minecraft:deaths":1,"minecraft:sneak_time":3137,"minecraft:walk_under_water_one_cm":24150,"minecraft:boat_one_cm":114972,"minecraft:jump":4001,"minecraft:walk_on_water_one_cm":23921,"minecraft:total_world_time":198459,"minecraft:interact_with_furnace":14,"minecraft:sleep_in_bed":17,"minecraft:time_since_rest":8960,"minecraft:damage_taken":3141,"minecraft:damage_dealt":3474,"minecraft:swim_one_cm":68731,"minecraft:fly_one_cm":858807,"minecraft:player_kills":2,"minecraft:open_chest":27,"minecraft:crouch_one_cm":8436,"minecraft:fall_one_cm":121924},"minecraft:crafted":{"minecraft:cherry_planks":256,"minecraft:black_dye":1,"minecraft:stone_shovel":2,"minecraft:cherry_slab":12,"minecraft:furnace":1,"minecraft:cobblestone_stairs":12,"minecraft:pink_dye":4,"minecraft:glass":34,"minecraft:cherry_trapdoor":4,"minecraft:iron_axe":1,"minecraft:stone_pickaxe":3,"minecraft:wheat":198,"minecraft:cooked_beef":2,"minecraft:red_dye":1,"biomesoplenty:fir_boat":1,"minecraft:crafting_table":1,"minecraft:iron_helmet":1,"minecraft:wooden_pickaxe":1,"minecraft:baked_potato":34,"minecraft:stone_axe":3,"minecraft:bread":74,"minecraft:air":0,"biomesoplenty:fir_planks":188,"minecraft:iron_chestplate":1,"minecraft:stick":12,"minecraft:iron_ingot":20,"minecraft:iron_pickaxe":2,"minecraft:black_bed":1,"minecraft:torch":100},"minecraft:used":{"minecraft:cherry_sapling":54,"simplyswords:diamond_glaive":43,"minecraft:stone_shovel":188,"minecraft:poppy":3,"minecraft:chest":2,"minecraft:stone_hoe":22,"minecraft:iron_chestplate":1,"minecraft:torch":88,"minecraft:dirt":185,"minecraft:cherry_slab":5,"minecraft:cherry_trapdoor":14,"minecraft:barrel":1,"minecraft:furnace":1,"another_furniture:service_bell":1,"naturalist:teddy_bear":5,"minecraft:cooked_beef":1,"minecraft:potato":7,"minecraft:cherry_log":4,"minecraft:pointed_dripstone":7,"another_furniture:pink_lamp":2,"minecraft:diorite":1,"minecraft:cobblestone_stairs":17,"minecraft:stone_pickaxe":394,"minecraft:baked_potato":29,"minecraft:wooden_pickaxe":59,"biomesoplenty:fir_planks":20,"biomesoplenty:fir_boat":2,"biomesoplenty:pink_hibiscus":2,"minecraft:cobblestone_slab":4,"minecraft:cracked_stone_bricks":7,"minecraft:mossy_cobblestone":1,"minecraft:crafting_table":3,"minecraft:red_bed":3,"minecraft:black_bed":2,"minecraft:apple":3,"minecraft:bread":45,"minecraft:iron_pickaxe":192,"minecraft:gravel":11,"minecraft:stone_axe":550,"minecraft:pink_petals":28,"minecraft:cobblestone":239,"minecraft:yellow_bed":2,"minecraft:stripped_cherry_log":1,"biomesoplenty:fir_log":1,"minecraft:coarse_dirt":1},"minecraft:picked_up":{"minecraft:crafting_table":2,"minecraft:coarse_dirt":2,"minecraft:chicken":2,"minecraft:wooden_pickaxe":1,"minecraft:stripped_cherry_log":4,"minecraft:string":1,"minecraft:red_bed":4,"minecraft:raw_copper":12,"minecraft:cracked_stone_bricks":10,"simplyswords:runic_tablet":1,"minecraft:gold_nugget":1,"biomesoplenty:fir_planks":2,"biomesoplenty:pink_hibiscus":1,"minecraft:mossy_cobblestone_wall":2,"minecraft:beef":2,"minecraft:cobblestone_slab":8,"minecraft:poppy":5,"minecraft:chest":2,"minecraft:cherry_trapdoor":15,"minecraft:stick":164,"minecraft:raw_iron":21,"minecraft:cherry_stairs":12,"minecraft:torch":16,"minecraft:cherry_log":423,"minecraft:pointed_dripstone":9,"minecraft:diorite":1,"minecraft:rotten_flesh":3,"minecraft:arrow":3,"minecraft:stone_shovel":2,"minecraft:hay_block":22,"minecraft:cobblestone":398,"minecraft:pink_petals":32,"minecraft:mossy_cobblestone_slab":3,"minecraft:feather":2,"minecraft:cooked_beef":2,"minecraft:cherry_planks":20,"naturalist:teddy_bear":1,"minecraft:black_bed":1,"minecraft:leather":8,"biomesoplenty:fir_sapling":12,"biomesoplenty:fir_log":48,"minecraft:flint":8,"minecraft:cobblestone_wall":3,"minecraft:cherry_fence":5,"minecraft:cobblestone_stairs":23,"minecraft:yellow_bed":2,"simplyswords:diamond_glaive":1,"minecraft:cherry_door":1,"minecraft:dirt":177,"minecraft:bone":5,"minecraft:apple":1,"minecraft:stone_bricks":1,"biomesoplenty:fir_boat":1,"minecraft:iron_ingot":5,"minecraft:stone_pickaxe":1,"minecraft:mossy_stone_bricks":6,"minecraft:stone_hoe":2,"minecraft:dripstone_block":7,"minecraft:gravel":79,"minecraft:sand":34,"minecraft:ink_sac":1,"minecraft:barrel":1,"minecraft:mossy_cobblestone":15,"minecraft:stone_axe":1,"minecraft:cherry_sapling":193,"minecraft:emerald":3,"minecraft:baked_potato":20,"minecraft:cherry_slab":24,"minecraft:coal":130}},"DataVersion":3465}