{"stats":{"minecraft:killed_by":{"minecraft:player":1},"minecraft:custom":{"minecraft:mob_kills":71,"minecraft:interact_with_crafting_table":9,"minecraft:damage_dealt_resisted":1560,"minecraft:leave_game":5,"minecraft:time_since_death":128292,"minecraft:climb_one_cm":32070,"minecraft:sprint_one_cm":461519,"minecraft:walk_one_cm":294309,"minecraft:drop":36,"minecraft:damage_dealt_absorbed":110,"minecraft:talked_to_villager":6,"minecraft:play_time":132409,"minecraft:deaths":1,"minecraft:sneak_time":4061,"minecraft:walk_under_water_one_cm":21808,"minecraft:boat_one_cm":181876,"minecraft:jump":3943,"minecraft:walk_on_water_one_cm":21344,"minecraft:total_world_time":132409,"minecraft:interact_with_furnace":16,"minecraft:sleep_in_bed":9,"minecraft:time_since_rest":12061,"minecraft:damage_taken":1101,"minecraft:damage_dealt":7410,"minecraft:swim_one_cm":108314,"minecraft:fly_one_cm":756484,"minecraft:open_chest":9,"minecraft:crouch_one_cm":11613,"minecraft:fall_one_cm":108331},"minecraft:crafted":{"minecraft:oak_planks":20,"comforts:sleeping_bag_white":2,"minecraft:furnace":1,"minecraft:bone_meal":3,"minecraft:cooked_mutton":4,"minecraft:stone_pickaxe":1,"minecraft:chest":2,"minecraft:cooked_beef":12,"minecraft:cooked_porkchop":8,"minecraft:crafting_table":3,"minecraft:jungle_boat":1,"minecraft:stone_axe":1,"minecraft:air":0,"minecraft:jungle_planks":24,"minecraft:white_wool":1,"minecraft:white_dye":3,"minecraft:stick":4,"minecraft:iron_pickaxe":1,"minecraft:acacia_planks":4,"minecraft:torch":8,"minecraft:shears":1},"minecraft:killed":{"hordes:zombie_player":1,"alexsmobs:seagull":1,"minecraft:chicken":16,"minecraft:husk":1,"minecraft:pig":12,"minecraft:iron_golem":1,"minecraft:sheep":13,"minecraft:trader_llama":2,"minecraft:pillager":1,"minecraft:zombie":15,"alexsmobs:fly":1,"alexsmobs:crow":2,"minecraft:cow":4},"minecraft:broken":{"minecraft:stone_pickaxe":2},"minecraft:dropped":{"minecraft:bread":7,"minecraft:wheat_seeds":6,"minecraft:shelter_pottery_sherd":1,"marbledsarsenal:police_baton":1,"minecraft:honeycomb":2,"minecraft:acacia_log":104,"minecraft:stick":3,"sophisticatedbackpacks:gold_backpack":1,"minecraft:dirt":1,"minecraft:mutton":2,"projectvibrantjourneys:fallen_leaves":1,"minecraft:white_wool":2,"pointblank:m1911a1":2,"pointblank:ammo45acp":55,"marbledsarsenal:cm6m_gas_mask":1,"alexsmobs:animal_dictionary":2,"minecraft:chicken":1,"minecraft:rotten_flesh":5,"minecraft:shears":1,"projectvibrantjourneys:light_brown_bark_mushroom":1,"minecraft:leather_boots":1,"minecraft:acacia_sapling":2,"comforts:sleeping_bag_white":3,"minecraft:black_wool":1,"minecraft:brick":3},"minecraft:picked_up":{"sophisticatedbackpacks:gold_backpack":1,"minecraft:shelter_pottery_sherd":1,"minecraft:chicken":16,"minecraft:prismarine_shard":1,"minecraft:brick":3,"minecraft:moss_carpet":2,"minecraft:raw_copper":4,"comforts:sleeping_bag_white":12,"minecraft:beef":12,"minecraft:light_gray_wool":1,"pointblank:workstation":2,"minecraft:mangrove_log":25,"minecraft:furnace":2,"minecraft:stick":13,"minecraft:raw_iron":7,"marbledsarsenal:police_baton":1,"minecraft:torch":4,"minecraft:acacia_log":116,"minecraft:porkchop":21,"pointblank:gunmetal_nugget":23,"psg:sulphur":62,"pointblank:ammo45acp":55,"pointblank:m1911a1":2,"minecraft:rotten_flesh":17,"k_turrets:raw_titanium":7,"alexsmobs:emu_egg":1,"minecraft:mangrove_roots":14,"minecraft:mutton":27,"minecraft:cobblestone":180,"minecraft:white_wool":13,"minecraft:jungle_boat":1,"minecraft:feather":16,"minecraft:jungle_log":6,"projectvibrantjourneys:fallen_leaves":1,"minecraft:leather":12,"alexsmobs:acacia_blossom":2,"create:raw_zinc":15,"minecraft:oak_log":5,"minecraft:lily_pad":1,"minecraft:gunpowder":1,"marbledsarsenal:cm6m_gas_mask":1,"minecraft:dirt":3,"minecraft:leather_boots":1,"minecraft:bone":1,"minecraft:wheat_seeds":6,"minecraft:stone_pickaxe":1,"minecraft:iron_ingot":4,"minecraft:acacia_sapling":5,"projectvibrantjourneys:light_brown_bark_mushroom":1,"minecraft:jungle_planks":4,"minecraft:sand":4,"alexsmobs:animal_dictionary":1,"minecraft:spider_eye":2,"minecraft:mangrove_leaves":3,"minecraft:bread":7,"minecraft:oak_sapling":2,"minecraft:coal":152,"minecraft:black_wool":2,"minecraft:ender_pearl":1},"minecraft:mined":{"create:zinc_ore":15,"minecraft:tuff":1,"minecraft:mangrove_roots":14,"psg:sulphur_ore":16,"minecraft:acacia_log":70,"minecraft:grass_block":3,"minecraft:decorated_pot":1,"minecraft:jungle_planks":5,"minecraft:jungle_log":8,"minecraft:moss_block":1,"comforts:sleeping_bag_white":1,"minecraft:furnace":2,"minecraft:iron_ore":8,"minecraft:vine":2,"projectvibrantjourneys:seashells":1,"minecraft:stone":180,"create:veridium":1,"minecraft:acacia_leaves":12,"minecraft:jungle_door":1,"projectvibrantjourneys:twigs":2,"minecraft:dead_bush":2,"minecraft:tall_grass":1,"minecraft:copper_ore":2,"minecraft:cobblestone":7,"minecraft:deepslate_coal_ore":8,"projectvibrantjourneys:fallen_leaves":1,"minecraft:seagrass":1,"projectvibrantjourneys:bones":1,"minecraft:mangrove_leaves":59,"k_turrets:titanium_ore":7,"minecraft:grass":3,"minecraft:oak_log":5,"minecraft:coal_ore":77,"projectvibrantjourneys:short_grass":6,"minecraft:sunflower":1,"minecraft:gravel":1,"minecraft:sand":4,"pointblank:workstation":2,"minecraft:mangrove_log":31,"minecraft:oak_leaves":2},"minecraft:used":{"alexsmobs:emu_egg":1,"minecraft:acacia_log":1,"minecraft:chest":2,"minecraft:torch":2,"minecraft:dirt":1,"minecraft:mutton":9,"minecraft:jungle_planks":12,"minecraft:acacia_sapling":1,"minecraft:iron_axe":151,"marbledsarsenal:police_baton":205,"pointblank:workstation":2,"minecraft:mangrove_roots":2,"minecraft:oak_sapling":2,"minecraft:furnace":3,"comforts:sleeping_bag_white":10,"minecraft:cooked_beef":3,"minecraft:cooked_mutton":4,"minecraft:stone_pickaxe":250,"minecraft:oak_planks":3,"minecraft:leather_boots":1,"minecraft:jungle_boat":2,"minecraft:white_wool":6,"minecraft:sand":4,"minecraft:crafting_table":3,"minecraft:bread":9,"minecraft:iron_pickaxe":92,"minecraft:stone_axe":11,"minecraft:cobblestone":60,"minecraft:cooked_porkchop":8,"minecraft:porkchop":6,"alexsmobs:animal_dictionary":1}},"DataVersion":3465}