{"stats":{"minecraft:mined":{"biomesoplenty:maple_log":20,"minecraft:crafting_table":2,"minecraft:torch":27,"minecraft:dark_oak_fence":2,"minecraft:grass_block":3,"minecraft:hay_block":14,"biomesoplenty:tall_lavender":1,"minecraft:birch_log":31,"minecraft:iron_ore":2,"minecraft:fire":15,"biomesoplenty:lavender":3,"minecraft:birch_leaves":4,"minecraft:peony":3,"minecraft:grass":8,"minecraft:oak_log":122,"minecraft:coal_ore":73,"minecraft:dirt":10,"biomesoplenty:barley":24,"biomesoplenty:orange_maple_leaf_pile":1,"minecraft:stone":42,"minecraft:oak_leaves":13},"minecraft:picked_up":{"minecraft:birch_log":31,"minecraft:birch_door":2,"minecraft:crafting_table":2,"minecraft:feather":8,"minecraft:chicken":6,"minecraft:salmon":9,"biomesoplenty:red_maple_sapling":1,"minecraft:oak_log":122,"minecraft:dirt":12,"minecraft:cooked_mutton":3,"naturalist:bass":1,"biomesoplenty:tall_lavender":1,"minecraft:bone":1,"minecraft:apple":7,"minecraft:wheat_seeds":1,"biomesoplenty:maple_log":20,"minecraft:beef":6,"minecraft:light_gray_wool":1,"minecraft:birch_sapling":9,"minecraft:stick":40,"minecraft:raw_iron":2,"minecraft:torch":27,"minecraft:porkchop":5,"biomesoplenty:orange_maple_sapling":4,"minecraft:arrow":4,"minecraft:peony":1,"minecraft:hay_block":14,"minecraft:crossbow":1,"minecraft:bone_meal":1,"minecraft:emerald":1,"minecraft:oak_sapling":53,"minecraft:dark_oak_fence":1,"minecraft:mutton":8,"minecraft:cod":26,"minecraft:coal":73,"minecraft:white_wool":4,"minecraft:cobblestone":42},"minecraft:crafted":{"minecraft:oak_planks":12,"minecraft:crafting_table":2,"minecraft:wooden_pickaxe":1,"minecraft:furnace":2,"minecraft:birch_planks":20,"minecraft:stone_axe":2,"minecraft:bread":42,"minecraft:air":0,"minecraft:white_wool":1,"minecraft:charcoal":20,"minecraft:white_dye":1,"minecraft:stick":4,"minecraft:stone_pickaxe":1,"minecraft:white_bed":1,"minecraft:birch_door":3,"minecraft:torch":44,"minecraft:golden_sword":1,"minecraft:wheat":126},"minecraft:used":{"naturalist:bass":1,"minecraft:cooked_mutton":3,"minecraft:peony":1,"minecraft:flint_and_steel":24,"minecraft:birch_planks":1,"minecraft:stone_pickaxe":92,"minecraft:oak_planks":1,"minecraft:wooden_pickaxe":37,"minecraft:torch":65,"minecraft:dirt":12,"minecraft:crafting_table":4,"minecraft:white_bed":1,"minecraft:crossbow":10,"biomesoplenty:orange_maple_sapling":2,"minecraft:birch_door":3,"minecraft:apple":2,"minecraft:bread":9,"minecraft:birch_sapling":1,"biomesoplenty:red_maple_sapling":1,"minecraft:stone_axe":247,"minecraft:golden_sword":89,"minecraft:furnace":2,"minecraft:dark_oak_fence":1},"minecraft:killed":{"minecraft:pig":3,"minecraft:salmon":9,"naturalist:butterfly":1,"minecraft:spider":1,"minecraft:vindicator":1,"minecraft:cod":26,"minecraft:creeper":1,"minecraft:sheep":5,"minecraft:skeleton":1,"minecraft:pillager":2,"minecraft:zombie":1,"minecraft:chicken":6,"minecraft:cow":3},"minecraft:dropped":{"minecraft:wheat_seeds":1,"minecraft:bone":1},"minecraft:custom":{"lootr:looted_stat":2,"minecraft:interact_with_furnace":11,"minecraft:mob_kills":60,"minecraft:interact_with_crafting_table":11,"minecraft:interact_with_campfire":3,"minecraft:leave_game":1,"minecraft:time_since_death":60149,"minecraft:sleep_in_bed":2,"minecraft:time_since_rest":9633,"minecraft:sprint_one_cm":151547,"minecraft:damage_taken":365,"minecraft:walk_one_cm":111926,"minecraft:drop":2,"minecraft:damage_dealt":3202,"minecraft:swim_one_cm":83430,"minecraft:fly_one_cm":188476,"minecraft:crouch_one_cm":1842,"minecraft:play_time":60149,"minecraft:sneak_time":933,"minecraft:walk_under_water_one_cm":31729,"minecraft:jump":1008,"minecraft:walk_on_water_one_cm":18181,"minecraft:total_world_time":60149,"minecraft:fall_one_cm":19411},"minecraft:broken":{"minecraft:golden_sword":1,"minecraft:stone_axe":2}},"DataVersion":3465}