{"stats":{"minecraft:crafted":{"minecraft:crafting_table":4,"minecraft:spruce_planks":4,"minecraft:wooden_pickaxe":1,"minecraft:birch_boat":2,"minecraft:baked_potato":4,"minecraft:furnace":1,"minecraft:birch_planks":128,"minecraft:stone_axe":1,"minecraft:air":0,"minecraft:stick":16,"minecraft:stone_pickaxe":2,"minecraft:wooden_axe":1,"minecraft:torch":32},"minecraft:used":{"naturalist:lizard_tail":1,"minecraft:moss_block":1,"minecraft:birch_planks":71,"minecraft:stone_pickaxe":50,"minecraft:baked_potato":4,"minecraft:spruce_planks":2,"minecraft:wooden_pickaxe":25,"minecraft:birch_boat":2,"minecraft:blue_bed":2,"minecraft:torch":2,"minecraft:dirt":1,"minecraft:crafting_table":5,"simplyswords:iron_halberd":64,"minecraft:crossbow":27,"minecraft:wooden_axe":35,"minecraft:apple":1,"minecraft:bread":14,"minecraft:birch_sapling":1,"minecraft:spruce_sapling":1,"minecraft:stone_axe":15,"minecraft:pink_petals":2,"minecraft:cobblestone":14,"minecraft:sweet_berries":7,"minecraft:furnace":1,"minecraft:pumpkin_pie":5},"minecraft:picked_up":{"minecraft:wooden_axe":1,"minecraft:birch_log":32,"minecraft:pink_petals":2,"minecraft:crafting_table":1,"minecraft:wheat":41,"minecraft:chicken":2,"minecraft:wooden_pickaxe":1,"minecraft:potato":4,"minecraft:filled_map":5,"minecraft:birch_planks":350,"mca:book_romance":4,"minecraft:dirt":1,"naturalist:lizard_tail":1,"minecraft:blue_bed":2,"minecraft:white_banner":8,"minecraft:name_tag":2,"minecraft:compass":2,"minecraft:experience_bottle":9,"minecraft:bone":1,"minecraft:apple":6,"minecraft:wheat_seeds":16,"minecraft:spruce_planks":2,"minecraft:iron_ingot":1,"minecraft:stone_pickaxe":3,"minecraft:beef":6,"minecraft:glowstone_dust":1,"minecraft:glass_bottle":14,"minecraft:moss_block":1,"minecraft:birch_sapling":2,"minecraft:stick":10,"minecraft:raw_iron":9,"minecraft:torch":96,"minecraft:stripped_spruce_log":1,"minecraft:cherry_log":20,"minecraft:spruce_sapling":3,"minecraft:spruce_log":15,"minecraft:carrot":9,"minecraft:dark_oak_log":6,"minecraft:arrow":41,"minecraft:stone_axe":2,"minecraft:peony":16,"minecraft:crossbow":5,"minecraft:totem_of_undying":2,"minecraft:bread":18,"minecraft:gold_ingot":6,"minecraft:saddle":4,"minecraft:emerald":20,"minecraft:coal":42,"minecraft:cobblestone":62},"minecraft:dropped":{"minecraft:birch_planks":55,"minecraft:wheat_seeds":16,"minecraft:birch_sapling":1,"minecraft:wooden_axe":2,"minecraft:arrow":10},"minecraft:killed":{"minecraft:witch":1,"minecraft:vindicator":2,"minecraft:ravager":1,"minecraft:creeper":1,"naturalist:snail":2,"minecraft:sheep":1,"minecraft:skeleton":1,"minecraft:pillager":14,"minecraft:cow":1},"minecraft:mined":{"minecraft:glass_pane":1,"minecraft:cherry_log":10,"minecraft:crafting_table":1,"minecraft:grass_block":1,"minecraft:calcite":1,"minecraft:cobblestone":2,"minecraft:tall_grass":1,"minecraft:moss_block":1,"minecraft:blue_bed":2,"minecraft:birch_log":32,"minecraft:iron_ore":3,"minecraft:stripped_spruce_log":1,"minecraft:mangrove_leaves":1,"minecraft:grass":1,"minecraft:coal_ore":33,"minecraft:dirt_path":1,"minecraft:stone":35,"minecraft:spruce_slab":1},"minecraft:killed_by":{"minecraft:witch":1,"minecraft:ravager":3},"minecraft:custom":{"minecraft:interact_with_furnace":3,"lootr:looted_stat":7,"minecraft:mob_kills":25,"minecraft:interact_with_cartography_table":1,"minecraft:interact_with_crafting_table":14,"minecraft:raid_trigger":1,"minecraft:leave_game":1,"minecraft:time_since_death":555,"minecraft:sleep_in_bed":2,"minecraft:climb_one_cm":244,"minecraft:time_since_rest":589,"minecraft:sprint_one_cm":257709,"minecraft:damage_taken":2230,"minecraft:walk_one_cm":171557,"minecraft:drop":6,"minecraft:damage_dealt":3859,"minecraft:swim_one_cm":10564,"minecraft:talked_to_villager":1,"minecraft:fly_one_cm":344229,"minecraft:crouch_one_cm":5426,"minecraft:play_time":60742,"minecraft:deaths":6,"minecraft:sneak_time":2008,"minecraft:walk_under_water_one_cm":2598,"minecraft:boat_one_cm":9533,"minecraft:jump":1695,"minecraft:walk_on_water_one_cm":5658,"minecraft:total_world_time":60742,"minecraft:interact_with_smoker":3,"minecraft:fall_one_cm":47110}},"DataVersion":3465}