{"stats":{"minecraft:mined":{"biomesoplenty:maple_log":20,"minecraft:crafting_table":2,"minecraft:torch":27,"minecraft:dark_oak_fence":2,"minecraft:grass_block":4,"minecraft:campfire":1,"minecraft:light_gray_bed":1,"minecraft:hay_block":14,"biomesoplenty:tall_lavender":1,"minecraft:birch_log":31,"minecraft:iron_ore":2,"minecraft:fire":15,"biomesoplenty:lavender":3,"minecraft:birch_leaves":4,"minecraft:light_gray_wool":6,"minecraft:peony":3,"minecraft:grass":12,"minecraft:oak_log":122,"minecraft:coal_ore":73,"minecraft:dirt":10,"biomesoplenty:barley":27,"biomesoplenty:orange_maple_leaf_pile":1,"minecraft:stone":42,"minecraft:oak_leaves":13},"minecraft:picked_up":{"minecraft:birch_log":31,"minecraft:birch_door":2,"minecraft:crafting_table":2,"minecraft:feather":8,"minecraft:cooked_beef":8,"minecraft:chicken":6,"minecraft:salmon":9,"biomesoplenty:red_maple_sapling":1,"minecraft:oak_log":122,"minecraft:string":1,"minecraft:dirt":13,"minecraft:cooked_mutton":6,"naturalist:bass":1,"biomesoplenty:tall_lavender":1,"minecraft:bone":3,"minecraft:apple":7,"minecraft:wheat_seeds":2,"biomesoplenty:maple_log":20,"minecraft:beef":8,"minecraft:light_gray_wool":7,"minecraft:birch_sapling":17,"minecraft:stick":40,"minecraft:raw_iron":2,"minecraft:torch":27,"minecraft:porkchop":5,"biomesoplenty:orange_maple_sapling":4,"minecraft:spider_eye":1,"minecraft:light_gray_bed":1,"minecraft:arrow":9,"minecraft:rotten_flesh":1,"minecraft:peony":1,"minecraft:hay_block":14,"minecraft:crossbow":3,"minecraft:bone_meal":1,"minecraft:emerald":1,"minecraft:oak_sapling":53,"minecraft:dark_oak_fence":1,"minecraft:mutton":8,"minecraft:cod":26,"minecraft:coal":73,"minecraft:white_wool":4,"minecraft:cobblestone":42,"minecraft:charcoal":2},"minecraft:crafted":{"minecraft:oak_planks":12,"minecraft:crafting_table":2,"minecraft:wooden_pickaxe":1,"minecraft:furnace":2,"minecraft:birch_planks":20,"minecraft:stone_axe":2,"minecraft:bread":42,"minecraft:air":0,"minecraft:light_gray_bed":2,"minecraft:white_wool":1,"minecraft:charcoal":20,"minecraft:white_dye":1,"minecraft:stick":8,"minecraft:iron_ingot":1,"minecraft:stone_pickaxe":1,"minecraft:white_bed":1,"minecraft:birch_door":3,"minecraft:torch":44,"minecraft:golden_sword":1,"minecraft:wheat":126},"minecraft:used":{"naturalist:bass":1,"minecraft:cooked_mutton":3,"minecraft:peony":1,"minecraft:flint_and_steel":30,"minecraft:birch_planks":1,"minecraft:stone_pickaxe":103,"minecraft:oak_planks":1,"minecraft:wooden_pickaxe":37,"minecraft:torch":65,"minecraft:dirt":12,"minecraft:mutton":1,"minecraft:crafting_table":4,"minecraft:white_bed":1,"minecraft:crossbow":27,"biomesoplenty:orange_maple_sapling":4,"minecraft:birch_door":5,"minecraft:apple":2,"minecraft:bread":20,"minecraft:birch_sapling":1,"biomesoplenty:red_maple_sapling":1,"minecraft:stone_axe":247,"minecraft:golden_sword":126,"minecraft:cobblestone":5,"minecraft:furnace":2,"minecraft:dark_oak_fence":1,"minecraft:golden_axe":1,"minecraft:light_gray_bed":2},"minecraft:killed":{"minecraft:pig":3,"minecraft:salmon":9,"naturalist:butterfly":1,"minecraft:spider":2,"minecraft:vindicator":2,"minecraft:cod":26,"minecraft:creeper":1,"minecraft:sheep":5,"minecraft:skeleton":3,"minecraft:pillager":7,"minecraft:zombie":3,"minecraft:chicken":6,"minecraft:drowned":1,"minecraft:cow":4},"minecraft:dropped":{"minecraft:bread":16,"minecraft:wheat_seeds":1,"minecraft:birch_sapling":16,"minecraft:crossbow":2,"minecraft:bone":1},"minecraft:custom":{"lootr:looted_stat":3,"minecraft:interact_with_furnace":11,"minecraft:mob_kills":73,"minecraft:interact_with_crafting_table":13,"minecraft:interact_with_campfire":15,"minecraft:leave_game":1,"minecraft:time_since_death":72149,"minecraft:sleep_in_bed":3,"minecraft:time_since_rest":3225,"minecraft:sprint_one_cm":190307,"minecraft:damage_taken":875,"minecraft:walk_one_cm":143062,"minecraft:drop":7,"minecraft:damage_dealt":4596,"minecraft:swim_one_cm":101208,"minecraft:fly_one_cm":257836,"minecraft:crouch_one_cm":1842,"minecraft:play_time":72149,"minecraft:sneak_time":1127,"minecraft:walk_under_water_one_cm":41263,"minecraft:jump":1336,"minecraft:walk_on_water_one_cm":21461,"minecraft:total_world_time":72149,"minecraft:fall_one_cm":31733},"minecraft:broken":{"minecraft:golden_sword":1,"minecraft:stone_axe":2}},"DataVersion":3465}