{"stats":{"minecraft:mined":{"minecraft:melon":5,"minecraft:tall_grass":2,"minecraft:spruce_log":1,"biomesoplenty:fir_log":4,"minecraft:grass":15,"minecraft:oak_log":3,"minecraft:oak_leaves":2,"minecraft:fern":5},"minecraft:killed":{"promenade:capybara":1,"minecraft:parrot":1,"minecraft:pig":2,"naturalist:bluejay":3,"promenade:duck":1,"naturalist:firefly":1,"minecraft:salmon":4,"naturalist:butterfly":1,"minecraft:spider":3,"hamsters:hamster":1,"minecraft:creeper":6,"minecraft:squid":1,"naturalist:snail":1,"minecraft:horse":2,"minecraft:skeleton":3,"minecraft:zombie":5,"naturalist:giraffe":1,"minecraft:cow":1},"minecraft:custom":{"lootr:looted_stat":4,"minecraft:mob_kills":38,"minecraft:interact_with_crafting_table":3,"minecraft:leave_game":1,"minecraft:time_since_death":900,"minecraft:climb_one_cm":843,"minecraft:time_since_rest":927,"minecraft:sprint_one_cm":140866,"minecraft:damage_taken":791,"minecraft:walk_one_cm":111590,"minecraft:damage_dealt":1399,"minecraft:swim_one_cm":71232,"minecraft:fly_one_cm":350731,"minecraft:open_chest":1,"minecraft:crouch_one_cm":2680,"minecraft:play_time":43789,"minecraft:deaths":6,"minecraft:sneak_time":719,"minecraft:walk_under_water_one_cm":16226,"minecraft:jump":1160,"minecraft:walk_on_water_one_cm":3369,"minecraft:total_world_time":43789,"minecraft:fall_one_cm":30753},"minecraft:crafted":{"minecraft:wooden_sword":1,"minecraft:oak_planks":12,"minecraft:crafting_table":2,"minecraft:spruce_planks":4,"minecraft:iron_sword":1,"biomesoplenty:fir_planks":8,"minecraft:stick":8},"minecraft:picked_up":{"minecraft:feather":22,"minecraft:salmon":2,"minecraft:leather":8,"biomesoplenty:fir_log":2,"minecraft:flint":3,"minecraft:oak_log":3,"minecraft:golden_sword":2,"minecraft:gunpowder":8,"minecraft:dirt":10,"minecraft:string":2,"minecraft:wooden_sword":1,"minecraft:bone":4,"minecraft:bow":3,"minecraft:wheat_seeds":6,"minecraft:spruce_planks":2,"minecraft:light_weighted_pressure_plate":1,"minecraft:beef":1,"minecraft:iron_ingot":4,"minecraft:melon_slice":70,"minecraft:oak_planks":8,"minecraft:iron_sword":2,"minecraft:stick":4,"minecraft:fire_charge":1,"minecraft:porkchop":10,"minecraft:sand":3,"minecraft:golden_axe":1,"minecraft:carrot":1,"minecraft:spruce_log":1,"simplyswords:diamond_greathammer":1,"minecraft:arrow":16,"minecraft:rotten_flesh":6,"minecraft:slime_ball":2,"minecraft:oak_sapling":1},"minecraft:killed_by":{"minecraft:player":2,"minecraft:creeper":1,"minecraft:spider":1,"minecraft:zombie":1},"minecraft:used":{"minecraft:oak_planks":1,"minecraft:iron_sword":1,"minecraft:salmon":2,"minecraft:crafting_table":2,"minecraft:carrot":2,"minecraft:melon_slice":4,"simplyswords:diamond_greathammer":1,"minecraft:wooden_sword":49,"minecraft:bow":5,"minecraft:beef":1,"minecraft:porkchop":5}},"DataVersion":3465}