{"stats":{"minecraft:mined":{"minecraft:deepslate_tiles":4,"minecraft:mossy_cobblestone":30,"minecraft:cherry_log":368,"minecraft:cobblestone_stairs":19,"minecraft:cherry_sapling":6,"minecraft:stripped_cherry_log":4,"minecraft:cherry_trapdoor":17,"minecraft:grass_block":45,"biomesoplenty:pink_hibiscus":1,"minecraft:deepslate_tile_stairs":3,"minecraft:hay_block":22,"minecraft:tall_seagrass":1,"minecraft:mossy_cobblestone_slab":3,"minecraft:mossy_cobblestone_stairs":3,"minecraft:iron_ore":21,"minecraft:barrel":1,"minecraft:pointed_dripstone":8,"minecraft:cobblestone_slab":4,"minecraft:stone":369,"minecraft:cherry_stairs":12,"minecraft:cherry_planks":20,"minecraft:red_bed":4,"minecraft:deepslate_tile_slab":7,"minecraft:stone_brick_slab":6,"minecraft:crafting_table":2,"minecraft:torch":3,"minecraft:mossy_cobblestone_wall":5,"minecraft:poppy":1,"minecraft:chest":2,"minecraft:dead_bush":1,"minecraft:cobblestone":115,"minecraft:diorite":1,"minecraft:wall_torch":10,"minecraft:cherry_slab":24,"minecraft:pink_petals":8,"minecraft:cherry_fence":6,"minecraft:coarse_dirt":17,"minecraft:cobblestone_wall":12,"minecraft:cherry_door":1,"minecraft:stone_brick_stairs":4,"biomesoplenty:fir_log":64,"minecraft:yellow_bed":2,"minecraft:grass":5,"minecraft:cracked_deepslate_tiles":3,"minecraft:coal_ore":129,"minecraft:dripstone_block":7,"minecraft:gravel":27,"minecraft:sand":34,"minecraft:dirt":119,"minecraft:cracked_stone_bricks":34,"minecraft:stone_bricks":19,"minecraft:mossy_stone_bricks":9,"minecraft:suspicious_gravel":4},"minecraft:broken":{"minecraft:wooden_pickaxe":1,"minecraft:stone_pickaxe":3,"minecraft:stone_axe":5,"minecraft:iron_pickaxe":1,"minecraft:stone_shovel":1},"minecraft:killed_by":{"minecraft:player":4,"minecraft:drowned":1},"minecraft:killed":{"minecraft:spider":1,"minecraft:skeleton":5,"minecraft:drowned":8,"minecraft:iron_golem":1,"minecraft:zombie":8,"minecraft:player":3,"minecraft:enderman":1},"minecraft:dropped":{"minecraft:cooked_beef":1,"minecraft:cherry_log":256,"naturalist:teddy_bear":1,"minecraft:iron_helmet":1,"minecraft:cobblestone":100,"biomesoplenty:fir_sapling":12,"minecraft:cobblestone_stairs":9,"minecraft:torch":10,"minecraft:cherry_planks":192,"minecraft:iron_axe":1,"minecraft:iron_pickaxe":1,"minecraft:gravel":25,"minecraft:coarse_dirt":2,"minecraft:pink_dye":4,"minecraft:stone_shovel":1,"minecraft:cherry_sapling":112,"minecraft:poppy":1,"minecraft:iron_chestplate":1,"minecraft:stripped_cherry_log":9,"minecraft:wooden_pickaxe":1},"minecraft:custom":{"lootr:looted_stat":10,"minecraft:mob_kills":26,"minecraft:interact_with_crafting_table":35,"minecraft:open_barrel":18,"minecraft:leave_game":8,"minecraft:time_since_death":689,"minecraft:climb_one_cm":1858,"minecraft:sprint_one_cm":740322,"minecraft:walk_one_cm":578659,"minecraft:drop":158,"minecraft:play_time":234459,"minecraft:deaths":5,"minecraft:sneak_time":4477,"minecraft:walk_under_water_one_cm":64373,"minecraft:boat_one_cm":118490,"minecraft:jump":4488,"minecraft:walk_on_water_one_cm":43772,"minecraft:total_world_time":234459,"minecraft:interact_with_furnace":14,"minecraft:sleep_in_bed":22,"minecraft:time_since_rest":741,"minecraft:damage_taken":5670,"minecraft:damage_dealt":5437,"minecraft:swim_one_cm":209915,"minecraft:fly_one_cm":980841,"minecraft:player_kills":3,"minecraft:open_chest":41,"minecraft:crouch_one_cm":10836,"minecraft:fall_one_cm":124805},"minecraft:crafted":{"minecraft:cherry_planks":256,"minecraft:black_dye":1,"minecraft:stone_shovel":2,"minecraft:cherry_slab":12,"minecraft:furnace":1,"minecraft:cobblestone_stairs":12,"minecraft:pink_dye":4,"minecraft:glass":34,"minecraft:cherry_trapdoor":4,"minecraft:iron_axe":1,"minecraft:stone_pickaxe":3,"minecraft:wheat":198,"minecraft:cooked_beef":2,"minecraft:red_dye":1,"biomesoplenty:fir_boat":3,"minecraft:crafting_table":1,"minecraft:iron_helmet":1,"minecraft:wooden_pickaxe":1,"minecraft:baked_potato":34,"minecraft:stone_axe":3,"minecraft:bread":74,"minecraft:air":0,"biomesoplenty:fir_planks":188,"minecraft:iron_chestplate":1,"minecraft:stick":12,"minecraft:iron_ingot":20,"minecraft:iron_pickaxe":3,"minecraft:black_bed":1,"minecraft:torch":100},"minecraft:used":{"minecraft:cherry_sapling":54,"simplyswords:diamond_glaive":76,"minecraft:stone_shovel":216,"minecraft:poppy":3,"minecraft:chest":2,"minecraft:stone_hoe":22,"minecraft:iron_chestplate":1,"minecraft:torch":93,"minecraft:dirt":185,"minecraft:mossy_cobblestone_stairs":3,"minecraft:stone_brick_slab":4,"minecraft:grass_block":1,"minecraft:cherry_slab":5,"minecraft:cherry_trapdoor":14,"minecraft:stone_brick_stairs":4,"minecraft:barrel":1,"minecraft:stone_bricks":14,"minecraft:furnace":1,"another_furniture:service_bell":1,"naturalist:teddy_bear":5,"minecraft:cooked_beef":1,"minecraft:potato":7,"minecraft:cherry_log":4,"minecraft:pointed_dripstone":7,"another_furniture:pink_lamp":2,"minecraft:mossy_stone_bricks":2,"minecraft:diorite":1,"minecraft:cobblestone_stairs":20,"minecraft:stone_pickaxe":394,"minecraft:baked_potato":34,"minecraft:wooden_pickaxe":59,"biomesoplenty:fir_planks":21,"biomesoplenty:fir_boat":5,"biomesoplenty:pink_hibiscus":2,"minecraft:cobblestone_slab":4,"minecraft:cracked_stone_bricks":26,"minecraft:mossy_cobblestone":27,"minecraft:crafting_table":3,"minecraft:red_bed":3,"minecraft:black_bed":2,"minecraft:apple":3,"minecraft:cherry_door":1,"minecraft:bread":69,"minecraft:iron_pickaxe":364,"minecraft:gravel":16,"minecraft:stone_axe":550,"minecraft:pink_petals":28,"minecraft:cobblestone":307,"minecraft:yellow_bed":2,"minecraft:stripped_cherry_log":1,"biomesoplenty:fir_log":1,"minecraft:coarse_dirt":4},"minecraft:picked_up":{"minecraft:crafting_table":2,"minecraft:coarse_dirt":11,"minecraft:wheat":36,"minecraft:chicken":2,"minecraft:wooden_pickaxe":1,"minecraft:stripped_cherry_log":13,"minecraft:stone_brick_stairs":4,"minecraft:string":1,"minecraft:red_bed":4,"minecraft:raw_copper":12,"minecraft:cracked_stone_bricks":29,"minecraft:deepslate_tiles":12,"simplyswords:runic_tablet":5,"minecraft:gold_nugget":1,"biomesoplenty:fir_planks":38,"biomesoplenty:pink_hibiscus":1,"minecraft:mossy_cobblestone_wall":17,"minecraft:beef":2,"minecraft:cobblestone_slab":8,"minecraft:poppy":5,"minecraft:iron_pickaxe":4,"minecraft:chest":2,"minecraft:cherry_trapdoor":15,"minecraft:stick":263,"minecraft:raw_iron":24,"minecraft:cherry_stairs":12,"minecraft:copper_ingot":3,"minecraft:torch":87,"minecraft:cherry_log":550,"minecraft:pointed_dripstone":11,"minecraft:diorite":1,"minecraft:deepslate_tile_stairs":7,"minecraft:rotten_flesh":25,"minecraft:arrow":3,"minecraft:stone_shovel":6,"minecraft:hay_block":22,"minecraft:cobblestone":492,"minecraft:cracked_deepslate_tiles":4,"minecraft:pink_petals":32,"minecraft:mossy_cobblestone_slab":3,"minecraft:feather":2,"minecraft:cooked_beef":2,"minecraft:cherry_planks":84,"naturalist:teddy_bear":1,"minecraft:black_bed":1,"minecraft:leather":12,"minecraft:red_mushroom":6,"biomesoplenty:fir_sapling":12,"biomesoplenty:fir_log":48,"minecraft:flint":29,"minecraft:deepslate_tile_slab":14,"minecraft:cobblestone_wall":48,"minecraft:cherry_fence":5,"minecraft:cobblestone_stairs":35,"minecraft:yellow_bed":2,"simplyswords:diamond_glaive":4,"minecraft:cherry_door":3,"minecraft:dirt":181,"minecraft:bone":5,"minecraft:apple":1,"minecraft:stone_bricks":21,"biomesoplenty:fir_boat":2,"minecraft:iron_ingot":5,"minecraft:stone_pickaxe":1,"minecraft:mossy_stone_bricks":12,"minecraft:stone_hoe":2,"minecraft:stone_brick_slab":8,"minecraft:dripstone_block":7,"minecraft:gravel":108,"minecraft:sand":34,"minecraft:ink_sac":4,"minecraft:grass_block":1,"minecraft:barrel":1,"minecraft:mossy_cobblestone":33,"minecraft:stone_axe":1,"minecraft:cherry_sapling":193,"minecraft:mossy_cobblestone_stairs":3,"minecraft:bread":133,"minecraft:emerald":3,"minecraft:baked_potato":25,"minecraft:cherry_slab":24,"minecraft:coal":130,"minecraft:ender_pearl":1}},"DataVersion":3465}