{"stats":{"minecraft:killed_by":{"minecraft:player":1},"minecraft:custom":{"minecraft:mob_kills":69,"minecraft:interact_with_crafting_table":8,"minecraft:damage_dealt_resisted":1560,"minecraft:leave_game":5,"minecraft:time_since_death":116292,"minecraft:climb_one_cm":25134,"minecraft:sprint_one_cm":429566,"minecraft:walk_one_cm":259316,"minecraft:drop":31,"minecraft:damage_dealt_absorbed":110,"minecraft:talked_to_villager":6,"minecraft:play_time":120409,"minecraft:deaths":1,"minecraft:sneak_time":3653,"minecraft:walk_under_water_one_cm":21743,"minecraft:boat_one_cm":181876,"minecraft:jump":3604,"minecraft:walk_on_water_one_cm":20986,"minecraft:total_world_time":120409,"minecraft:interact_with_furnace":15,"minecraft:sleep_in_bed":9,"minecraft:time_since_rest":61,"minecraft:damage_taken":921,"minecraft:damage_dealt":6945,"minecraft:swim_one_cm":107449,"minecraft:fly_one_cm":707039,"minecraft:open_chest":7,"minecraft:crouch_one_cm":10404,"minecraft:fall_one_cm":98192},"minecraft:crafted":{"minecraft:oak_planks":20,"comforts:sleeping_bag_white":2,"minecraft:furnace":1,"minecraft:bone_meal":3,"minecraft:cooked_mutton":4,"minecraft:stone_pickaxe":1,"minecraft:cooked_beef":2,"minecraft:cooked_porkchop":8,"minecraft:crafting_table":3,"minecraft:jungle_boat":1,"minecraft:stone_axe":1,"minecraft:air":0,"minecraft:jungle_planks":24,"minecraft:white_wool":1,"minecraft:white_dye":3,"minecraft:stick":4,"minecraft:iron_pickaxe":1,"minecraft:acacia_planks":4,"minecraft:torch":8,"minecraft:shears":1},"minecraft:killed":{"hordes:zombie_player":1,"alexsmobs:seagull":1,"minecraft:chicken":16,"minecraft:husk":1,"minecraft:pig":12,"minecraft:iron_golem":1,"minecraft:sheep":13,"minecraft:trader_llama":2,"minecraft:zombie":14,"alexsmobs:fly":1,"alexsmobs:crow":2,"minecraft:cow":4},"minecraft:broken":{"minecraft:stone_pickaxe":2},"minecraft:dropped":{"minecraft:bread":7,"minecraft:wheat_seeds":6,"minecraft:shelter_pottery_sherd":1,"marbledsarsenal:police_baton":1,"minecraft:honeycomb":2,"minecraft:acacia_log":58,"minecraft:stick":3,"sophisticatedbackpacks:gold_backpack":1,"minecraft:dirt":1,"minecraft:mutton":1,"projectvibrantjourneys:fallen_leaves":1,"minecraft:white_wool":2,"pointblank:m1911a1":2,"pointblank:ammo45acp":55,"marbledsarsenal:cm6m_gas_mask":1,"alexsmobs:animal_dictionary":2,"minecraft:chicken":1,"minecraft:rotten_flesh":4,"minecraft:shears":1,"minecraft:leather_boots":1,"comforts:sleeping_bag_white":3,"minecraft:black_wool":1,"minecraft:brick":3},"minecraft:picked_up":{"sophisticatedbackpacks:gold_backpack":1,"minecraft:shelter_pottery_sherd":1,"minecraft:chicken":16,"minecraft:prismarine_shard":1,"minecraft:brick":3,"minecraft:raw_copper":4,"comforts:sleeping_bag_white":12,"minecraft:beef":12,"minecraft:light_gray_wool":1,"pointblank:workstation":2,"minecraft:furnace":2,"minecraft:stick":8,"minecraft:raw_iron":7,"marbledsarsenal:police_baton":1,"minecraft:torch":4,"minecraft:acacia_log":60,"minecraft:porkchop":21,"pointblank:gunmetal_nugget":23,"psg:sulphur":62,"pointblank:ammo45acp":55,"pointblank:m1911a1":2,"minecraft:rotten_flesh":16,"k_turrets:raw_titanium":7,"alexsmobs:emu_egg":1,"minecraft:mangrove_roots":2,"minecraft:mutton":26,"minecraft:cobblestone":179,"minecraft:white_wool":13,"minecraft:jungle_boat":1,"minecraft:feather":16,"minecraft:jungle_log":6,"projectvibrantjourneys:fallen_leaves":1,"minecraft:leather":12,"alexsmobs:acacia_blossom":2,"create:raw_zinc":15,"minecraft:oak_log":5,"minecraft:lily_pad":1,"minecraft:gunpowder":1,"marbledsarsenal:cm6m_gas_mask":1,"minecraft:dirt":3,"minecraft:leather_boots":1,"minecraft:bone":1,"minecraft:wheat_seeds":6,"minecraft:stone_pickaxe":1,"minecraft:iron_ingot":4,"minecraft:acacia_sapling":3,"minecraft:jungle_planks":4,"minecraft:sand":4,"alexsmobs:animal_dictionary":1,"minecraft:spider_eye":2,"minecraft:mangrove_leaves":1,"minecraft:bread":7,"minecraft:oak_sapling":1,"minecraft:coal":114,"minecraft:black_wool":2},"minecraft:mined":{"create:zinc_ore":15,"minecraft:mangrove_roots":2,"psg:sulphur_ore":16,"minecraft:acacia_log":60,"minecraft:grass_block":3,"minecraft:decorated_pot":1,"minecraft:jungle_planks":5,"minecraft:jungle_log":8,"minecraft:moss_block":1,"comforts:sleeping_bag_white":1,"minecraft:furnace":2,"minecraft:iron_ore":8,"minecraft:vine":1,"projectvibrantjourneys:seashells":1,"minecraft:stone":179,"minecraft:acacia_leaves":9,"minecraft:jungle_door":1,"projectvibrantjourneys:twigs":2,"minecraft:dead_bush":2,"minecraft:tall_grass":1,"minecraft:copper_ore":2,"minecraft:cobblestone":7,"projectvibrantjourneys:fallen_leaves":1,"minecraft:seagrass":1,"projectvibrantjourneys:bones":1,"minecraft:mangrove_leaves":16,"k_turrets:titanium_ore":7,"minecraft:grass":3,"minecraft:oak_log":5,"minecraft:coal_ore":47,"projectvibrantjourneys:short_grass":5,"minecraft:sunflower":1,"minecraft:gravel":1,"minecraft:sand":4,"pointblank:workstation":2,"minecraft:oak_leaves":2},"minecraft:used":{"alexsmobs:emu_egg":1,"minecraft:acacia_log":1,"minecraft:torch":2,"minecraft:dirt":1,"minecraft:mutton":3,"minecraft:jungle_planks":12,"minecraft:acacia_sapling":1,"minecraft:iron_axe":58,"marbledsarsenal:police_baton":199,"pointblank:workstation":2,"minecraft:mangrove_roots":2,"minecraft:furnace":3,"comforts:sleeping_bag_white":10,"minecraft:cooked_beef":2,"minecraft:cooked_mutton":4,"minecraft:stone_pickaxe":250,"minecraft:leather_boots":1,"minecraft:jungle_boat":2,"minecraft:white_wool":6,"minecraft:sand":4,"minecraft:crafting_table":3,"minecraft:bread":9,"minecraft:iron_pickaxe":51,"minecraft:stone_axe":11,"minecraft:cobblestone":60,"minecraft:cooked_porkchop":8,"minecraft:porkchop":6,"alexsmobs:animal_dictionary":1}},"DataVersion":3465}