{"stats":{"minecraft:crafted":{"minecraft:jungle_planks":24,"minecraft:stone_pickaxe":1},"minecraft:killed":{"minecraft:sheep":5,"minecraft:zombie":9,"minecraft:chicken":3,"minecraft:cow":2},"minecraft:used":{"minecraft:stone_pickaxe":219,"minecraft:leather_boots":1,"minecraft:mutton":1,"minecraft:jungle_planks":6,"minecraft:bread":8,"marbledsarsenal:police_baton":45,"alexsmobs:animal_dictionary":1},"minecraft:killed_by":{"minecraft:player":1},"minecraft:mined":{"minecraft:jungle_door":1,"psg:sulphur_ore":8,"projectvibrantjourneys:twigs":2,"minecraft:grass_block":1,"minecraft:jungle_planks":2,"minecraft:jungle_log":8,"minecraft:dead_bush":2,"minecraft:tall_grass":1,"minecraft:copper_ore":2,"minecraft:cobblestone":2,"minecraft:furnace":1,"minecraft:iron_ore":5,"minecraft:grass":1,"k_turrets:titanium_ore":2,"minecraft:coal_ore":30,"projectvibrantjourneys:short_grass":2,"minecraft:vine":1,"projectvibrantjourneys:seashells":1,"minecraft:stone":165,"minecraft:oak_leaves":2},"minecraft:picked_up":{"minecraft:feather":3,"minecraft:chicken":3,"minecraft:prismarine_shard":1,"minecraft:jungle_log":6,"minecraft:leather":7,"marbledsarsenal:cm6m_gas_mask":1,"minecraft:dirt":1,"minecraft:raw_copper":4,"minecraft:leather_boots":1,"minecraft:wheat_seeds":4,"minecraft:stone_pickaxe":1,"minecraft:beef":7,"minecraft:furnace":1,"minecraft:stick":5,"minecraft:raw_iron":4,"marbledsarsenal:police_baton":1,"psg:sulphur":36,"pointblank:gunmetal_nugget":11,"minecraft:jungle_planks":1,"minecraft:spider_eye":2,"alexsmobs:animal_dictionary":1,"pointblank:m1911a1":1,"pointblank:ammo45acp":55,"minecraft:rotten_flesh":10,"k_turrets:raw_titanium":2,"minecraft:bread":7,"minecraft:black_wool":2,"minecraft:mutton":6,"minecraft:coal":30,"minecraft:white_wool":6,"minecraft:cobblestone":163},"minecraft:dropped":{"minecraft:bread":7,"minecraft:wheat_seeds":1,"alexsmobs:animal_dictionary":1,"marbledsarsenal:police_baton":1,"minecraft:rotten_flesh":4,"minecraft:stick":3,"minecraft:mutton":1,"minecraft:leather_boots":1,"minecraft:white_wool":2,"pointblank:m1911a1":1,"minecraft:black_wool":1,"pointblank:ammo45acp":55,"marbledsarsenal:cm6m_gas_mask":1},"minecraft:broken":{"minecraft:stone_pickaxe":1},"minecraft:custom":{"minecraft:interact_with_furnace":3,"minecraft:mob_kills":20,"minecraft:interact_with_crafting_table":2,"minecraft:damage_dealt_resisted":20,"minecraft:leave_game":2,"minecraft:time_since_death":29860,"minecraft:climb_one_cm":2878,"minecraft:time_since_rest":29887,"minecraft:sprint_one_cm":104082,"minecraft:damage_taken":323,"minecraft:walk_one_cm":85588,"minecraft:drop":14,"minecraft:damage_dealt":1677,"minecraft:swim_one_cm":14715,"minecraft:fly_one_cm":171986,"minecraft:open_chest":1,"minecraft:crouch_one_cm":2420,"minecraft:play_time":33977,"minecraft:deaths":1,"minecraft:sneak_time":936,"minecraft:walk_under_water_one_cm":5181,"minecraft:jump":916,"minecraft:walk_on_water_one_cm":8929,"minecraft:total_world_time":33977,"minecraft:fall_one_cm":28729}},"DataVersion":3465}