{"stats":{"minecraft:used":{"minecraft:crafting_table":1},"minecraft:picked_up":{"minecraft:moss_block":1,"minecraft:birch_log":3},"minecraft:crafted":{"minecraft:birch_planks":12,"minecraft:crafting_table":1,"minecraft:stick":4},"minecraft:mined":{"minecraft:birch_log":3,"minecraft:moss_block":1},"minecraft:custom":{"minecraft:jump":33,"minecraft:time_since_rest":5561,"minecraft:leave_game":1,"minecraft:sprint_one_cm":3751,"minecraft:play_time":5561,"minecraft:damage_taken":10,"minecraft:time_since_death":5561,"minecraft:walk_one_cm":2226,"minecraft:total_world_time":5561,"minecraft:interact_with_crafting_table":2,"minecraft:fall_one_cm":544,"minecraft:fly_one_cm":5183}},"DataVersion":3465}