{"stats":{"minecraft:crafted":{"minecraft:crafting_table":2,"minecraft:baked_potato":4,"minecraft:stick":8,"minecraft:birch_boat":2,"minecraft:wooden_pickaxe":1,"minecraft:stone_pickaxe":1,"minecraft:wooden_axe":1,"minecraft:birch_planks":128,"minecraft:air":0},"minecraft:used":{"minecraft:moss_block":1,"minecraft:wooden_axe":35,"minecraft:stone_pickaxe":16,"minecraft:baked_potato":2,"minecraft:birch_boat":2,"minecraft:wooden_pickaxe":25,"minecraft:blue_bed":1,"minecraft:sweet_berries":7,"minecraft:crafting_table":3,"naturalist:lizard_tail":1},"minecraft:picked_up":{"minecraft:wooden_axe":1,"minecraft:birch_log":32,"minecraft:crafting_table":1,"minecraft:stick":2,"minecraft:raw_iron":3,"minecraft:wheat":8,"minecraft:birch_planks":119,"naturalist:lizard_tail":1,"minecraft:blue_bed":2,"minecraft:dirt":1,"minecraft:wheat_seeds":16,"minecraft:moss_block":1,"minecraft:birch_sapling":2,"minecraft:coal":17,"minecraft:cobblestone":20},"minecraft:dropped":{"minecraft:birch_planks":55,"minecraft:wooden_axe":2,"minecraft:birch_sapling":1},"minecraft:mined":{"minecraft:birch_log":32,"minecraft:iron_ore":3,"minecraft:crafting_table":1,"minecraft:grass":1,"minecraft:grass_block":1,"minecraft:coal_ore":17,"minecraft:tall_grass":1,"minecraft:stone":20,"minecraft:moss_block":1,"minecraft:blue_bed":2},"minecraft:custom":{"minecraft:time_since_rest":5701,"lootr:looted_stat":2,"minecraft:sprint_one_cm":97243,"minecraft:damage_taken":100,"minecraft:walk_one_cm":60950,"minecraft:drop":4,"minecraft:talked_to_villager":1,"minecraft:interact_with_crafting_table":11,"minecraft:fly_one_cm":114400,"minecraft:crouch_one_cm":952,"minecraft:play_time":24742,"minecraft:deaths":1,"minecraft:sneak_time":407,"minecraft:boat_one_cm":9533,"minecraft:jump":567,"minecraft:leave_game":1,"minecraft:walk_on_water_one_cm":608,"minecraft:time_since_death":15027,"minecraft:sleep_in_bed":1,"minecraft:interact_with_smoker":3,"minecraft:total_world_time":24742,"minecraft:fall_one_cm":15669}},"DataVersion":3465}