{"stats":{"minecraft:mined":{"biomesoplenty:fir_log":4,"minecraft:grass":15,"minecraft:oak_log":2,"minecraft:tall_grass":2,"minecraft:oak_leaves":2},"minecraft:killed":{"minecraft:horse":2,"minecraft:zombie":1,"minecraft:pig":2,"naturalist:butterfly":1,"minecraft:spider":1,"hamsters:hamster":1,"minecraft:cow":1},"minecraft:custom":{"minecraft:time_since_rest":8412,"lootr:looted_stat":3,"minecraft:sprint_one_cm":60000,"minecraft:damage_taken":300,"minecraft:walk_one_cm":34983,"minecraft:mob_kills":9,"minecraft:damage_dealt":1181,"minecraft:interact_with_crafting_table":1,"minecraft:fly_one_cm":93776,"minecraft:open_chest":1,"minecraft:crouch_one_cm":175,"minecraft:play_time":17782,"minecraft:deaths":1,"minecraft:sneak_time":29,"minecraft:jump":441,"minecraft:time_since_death":8352,"minecraft:total_world_time":17782,"minecraft:climb_one_cm":334,"minecraft:fall_one_cm":13388},"minecraft:crafted":{"biomesoplenty:fir_planks":8,"minecraft:wooden_sword":1,"minecraft:oak_planks":8,"minecraft:crafting_table":1,"minecraft:stick":4},"minecraft:picked_up":{"minecraft:stick":2,"minecraft:leather":4,"biomesoplenty:fir_log":2,"minecraft:porkchop":10,"minecraft:oak_log":2,"minecraft:wooden_sword":1,"minecraft:wheat_seeds":4,"minecraft:beef":1},"minecraft:killed_by":{"minecraft:player":1},"minecraft:used":{"minecraft:wooden_sword":49,"minecraft:beef":1,"minecraft:crafting_table":1,"minecraft:porkchop":5}},"DataVersion":3465}