{"stats":{"minecraft:mined":{"biomesoplenty:maple_log":20,"minecraft:crafting_table":2,"minecraft:torch":27,"minecraft:dark_oak_fence":2,"minecraft:grass_block":4,"minecraft:campfire":1,"minecraft:light_gray_bed":3,"minecraft:hay_block":14,"biomesoplenty:tall_lavender":1,"minecraft:birch_log":31,"minecraft:iron_ore":2,"minecraft:fire":16,"biomesoplenty:lavender":4,"minecraft:birch_leaves":4,"minecraft:light_gray_wool":6,"minecraft:peony":3,"minecraft:grass":14,"minecraft:oak_log":122,"minecraft:coal_ore":73,"minecraft:dirt":10,"biomesoplenty:barley":27,"biomesoplenty:orange_maple_leaf_pile":1,"minecraft:stone":42,"minecraft:oak_leaves":13},"minecraft:picked_up":{"minecraft:birch_log":31,"minecraft:birch_door":2,"minecraft:crafting_table":2,"minecraft:feather":16,"minecraft:cooked_beef":16,"minecraft:chicken":12,"minecraft:salmon":18,"biomesoplenty:goldenrod":2,"minecraft:wooden_pickaxe":2,"biomesoplenty:red_maple_sapling":1,"minecraft:oak_log":241,"minecraft:golden_sword":1,"mca:book_romance":1,"minecraft:string":1,"minecraft:dirt":13,"minecraft:name_tag":1,"minecraft:flint_and_steel":1,"minecraft:cooked_mutton":9,"naturalist:bass":1,"biomesoplenty:tall_lavender":1,"minecraft:bone":5,"minecraft:apple":18,"minecraft:wheat_seeds":2,"biomesoplenty:maple_log":20,"minecraft:iron_ingot":2,"minecraft:beef":8,"minecraft:stone_pickaxe":1,"minecraft:light_gray_wool":7,"minecraft:birch_sapling":17,"minecraft:stick":68,"minecraft:raw_iron":4,"minecraft:cooked_porkchop":3,"minecraft:torch":33,"minecraft:spyglass":1,"minecraft:porkchop":24,"minecraft:golden_axe":1,"biomesoplenty:orange_maple_sapling":4,"minecraft:spider_eye":2,"minecraft:light_gray_bed":4,"minecraft:arrow":13,"minecraft:rotten_flesh":2,"minecraft:peony":1,"minecraft:hay_block":14,"minecraft:crossbow":5,"minecraft:bone_meal":1,"minecraft:gold_ingot":4,"biomesoplenty:lavender":1,"minecraft:emerald":6,"minecraft:oak_sapling":53,"minecraft:dark_oak_fence":1,"minecraft:mutton":8,"minecraft:cod":26,"minecraft:coal":82,"minecraft:white_wool":6,"minecraft:cobblestone":54,"minecraft:charcoal":15},"minecraft:crafted":{"minecraft:oak_planks":12,"minecraft:crafting_table":2,"minecraft:wooden_pickaxe":1,"minecraft:furnace":2,"minecraft:birch_planks":20,"minecraft:stone_axe":2,"minecraft:bread":42,"minecraft:air":0,"minecraft:light_gray_bed":2,"minecraft:white_wool":1,"minecraft:charcoal":20,"minecraft:white_dye":1,"minecraft:stick":8,"minecraft:iron_ingot":1,"minecraft:stone_pickaxe":1,"minecraft:white_bed":1,"minecraft:birch_door":3,"minecraft:torch":44,"minecraft:golden_sword":1,"minecraft:wheat":126},"minecraft:used":{"naturalist:bass":1,"minecraft:cooked_mutton":3,"minecraft:peony":1,"minecraft:flint_and_steel":36,"minecraft:birch_planks":1,"minecraft:stone_pickaxe":103,"minecraft:oak_planks":1,"minecraft:wooden_pickaxe":37,"minecraft:torch":65,"minecraft:spyglass":2,"minecraft:dirt":13,"minecraft:mutton":1,"biomesoplenty:goldenrod":2,"minecraft:crafting_table":4,"minecraft:white_bed":1,"minecraft:crossbow":27,"biomesoplenty:orange_maple_sapling":4,"minecraft:birch_door":5,"minecraft:apple":2,"minecraft:firework_rocket":5,"minecraft:bread":23,"minecraft:birch_sapling":1,"biomesoplenty:red_maple_sapling":1,"minecraft:stone_axe":247,"minecraft:golden_sword":142,"minecraft:cobblestone":8,"minecraft:furnace":2,"minecraft:dark_oak_fence":1,"minecraft:cooked_beef":3,"minecraft:golden_axe":1,"minecraft:light_gray_bed":4},"minecraft:killed":{"minecraft:pig":8,"minecraft:salmon":9,"naturalist:butterfly":1,"minecraft:spider":2,"minecraft:vindicator":2,"minecraft:cod":26,"minecraft:creeper":1,"minecraft:sheep":5,"minecraft:skeleton":3,"minecraft:pillager":7,"minecraft:zombie":3,"minecraft:chicken":6,"minecraft:drowned":1,"minecraft:cow":4},"minecraft:dropped":{"minecraft:bread":16,"minecraft:wheat_seeds":1,"minecraft:birch_sapling":16,"minecraft:crossbow":2,"mca:book_romance":1,"minecraft:wooden_pickaxe":2,"minecraft:bone":1},"minecraft:custom":{"lootr:looted_stat":5,"minecraft:interact_with_furnace":11,"minecraft:mob_kills":78,"minecraft:interact_with_crafting_table":13,"minecraft:interact_with_campfire":15,"minecraft:leave_game":1,"minecraft:time_since_death":5719,"minecraft:sleep_in_bed":4,"minecraft:climb_one_cm":2276,"minecraft:time_since_rest":1880,"minecraft:sprint_one_cm":231447,"minecraft:damage_taken":1541,"minecraft:walk_one_cm":173088,"minecraft:drop":10,"minecraft:damage_dealt":5067,"minecraft:swim_one_cm":101208,"minecraft:fly_one_cm":321427,"minecraft:deaths":1,"minecraft:crouch_one_cm":3387,"minecraft:play_time":84149,"minecraft:sneak_time":1547,"minecraft:walk_under_water_one_cm":41263,"minecraft:jump":1677,"minecraft:walk_on_water_one_cm":21461,"minecraft:total_world_time":84149,"minecraft:fall_one_cm":45499},"minecraft:broken":{"minecraft:golden_sword":1,"minecraft:stone_axe":2}},"DataVersion":3465}