{"stats":{"minecraft:crafted":{"minecraft:jungle_planks":24},"minecraft:used":{"minecraft:bread":4,"marbledsarsenal:police_baton":11,"minecraft:leather_boots":1,"minecraft:mutton":1,"alexsmobs:animal_dictionary":1},"minecraft:killed":{"minecraft:sheep":3,"minecraft:zombie":2},"minecraft:killed_by":{"minecraft:player":1},"minecraft:mined":{"minecraft:grass":1,"projectvibrantjourneys:twigs":2,"minecraft:vine":1,"minecraft:jungle_log":8,"minecraft:dead_bush":2,"minecraft:tall_grass":1,"minecraft:oak_leaves":2},"minecraft:dropped":{"minecraft:bread":7,"minecraft:wheat_seeds":1,"alexsmobs:animal_dictionary":1,"minecraft:mutton":1,"marbledsarsenal:police_baton":1,"minecraft:leather_boots":1,"minecraft:rotten_flesh":4,"minecraft:white_wool":2,"pointblank:m1911a1":1,"pointblank:ammo45acp":55,"minecraft:black_wool":1,"minecraft:stick":1,"marbledsarsenal:cm6m_gas_mask":1},"minecraft:picked_up":{"minecraft:stick":5,"marbledsarsenal:police_baton":1,"minecraft:jungle_log":6,"marbledsarsenal:cm6m_gas_mask":1,"alexsmobs:animal_dictionary":1,"pointblank:ammo45acp":55,"pointblank:m1911a1":1,"minecraft:leather_boots":1,"minecraft:rotten_flesh":8,"minecraft:wheat_seeds":3,"minecraft:bread":7,"minecraft:mutton":3,"minecraft:black_wool":2,"minecraft:white_wool":4},"minecraft:custom":{"minecraft:time_since_rest":5887,"minecraft:sprint_one_cm":40002,"minecraft:damage_taken":296,"minecraft:walk_one_cm":26989,"minecraft:mob_kills":5,"minecraft:drop":13,"minecraft:damage_dealt":411,"minecraft:swim_one_cm":3679,"minecraft:interact_with_crafting_table":1,"minecraft:fly_one_cm":59969,"minecraft:crouch_one_cm":555,"minecraft:play_time":9977,"minecraft:deaths":1,"minecraft:sneak_time":114,"minecraft:walk_under_water_one_cm":134,"minecraft:jump":317,"minecraft:leave_game":2,"minecraft:walk_on_water_one_cm":742,"minecraft:time_since_death":5860,"minecraft:climb_one_cm":2276,"minecraft:total_world_time":9977,"minecraft:fall_one_cm":11737}},"DataVersion":3465}