{"stats":{"minecraft:crafted":{"minecraft:cooked_porkchop":8,"minecraft:crafting_table":2,"comforts:sleeping_bag_white":2,"minecraft:bone_meal":3,"minecraft:air":0,"minecraft:jungle_planks":24,"minecraft:white_wool":1,"minecraft:white_dye":3,"minecraft:stick":4,"minecraft:iron_pickaxe":1,"minecraft:stone_pickaxe":1},"minecraft:used":{"minecraft:stone_pickaxe":250,"minecraft:leather_boots":1,"minecraft:dirt":1,"minecraft:mutton":1,"minecraft:crafting_table":2,"minecraft:jungle_planks":6,"minecraft:bread":9,"marbledsarsenal:police_baton":78,"minecraft:cooked_porkchop":1,"minecraft:furnace":1,"comforts:sleeping_bag_white":4,"alexsmobs:animal_dictionary":1},"minecraft:killed":{"minecraft:pig":5,"alexsmobs:seagull":1,"minecraft:sheep":5,"minecraft:zombie":10,"minecraft:chicken":8,"alexsmobs:crow":2,"minecraft:cow":3},"minecraft:killed_by":{"minecraft:player":1},"minecraft:mined":{"minecraft:jungle_door":1,"psg:sulphur_ore":8,"projectvibrantjourneys:twigs":2,"minecraft:grass_block":2,"minecraft:jungle_planks":2,"minecraft:jungle_log":8,"minecraft:dead_bush":2,"minecraft:tall_grass":1,"minecraft:copper_ore":2,"minecraft:cobblestone":4,"comforts:sleeping_bag_white":1,"minecraft:furnace":1,"minecraft:iron_ore":5,"projectvibrantjourneys:bones":1,"minecraft:grass":1,"k_turrets:titanium_ore":2,"minecraft:coal_ore":47,"projectvibrantjourneys:short_grass":3,"minecraft:vine":1,"projectvibrantjourneys:seashells":1,"minecraft:stone":177,"minecraft:oak_leaves":2},"minecraft:picked_up":{"minecraft:feather":9,"minecraft:chicken":8,"minecraft:prismarine_shard":1,"minecraft:jungle_log":6,"minecraft:leather":8,"marbledsarsenal:cm6m_gas_mask":1,"minecraft:dirt":2,"minecraft:raw_copper":4,"minecraft:leather_boots":1,"minecraft:bone":1,"minecraft:wheat_seeds":4,"comforts:sleeping_bag_white":6,"minecraft:stone_pickaxe":1,"minecraft:beef":9,"minecraft:furnace":1,"minecraft:stick":5,"minecraft:raw_iron":4,"marbledsarsenal:police_baton":1,"minecraft:porkchop":11,"psg:sulphur":36,"pointblank:gunmetal_nugget":11,"minecraft:jungle_planks":1,"minecraft:spider_eye":2,"alexsmobs:animal_dictionary":1,"pointblank:m1911a1":1,"pointblank:ammo45acp":55,"minecraft:rotten_flesh":10,"k_turrets:raw_titanium":2,"minecraft:bread":7,"minecraft:black_wool":2,"minecraft:mutton":6,"minecraft:coal":51,"minecraft:white_wool":7,"minecraft:cobblestone":174},"minecraft:dropped":{"minecraft:bread":7,"minecraft:wheat_seeds":1,"alexsmobs:animal_dictionary":1,"marbledsarsenal:police_baton":1,"minecraft:rotten_flesh":4,"minecraft:stick":3,"minecraft:mutton":1,"minecraft:leather_boots":1,"comforts:sleeping_bag_white":3,"minecraft:white_wool":2,"pointblank:m1911a1":1,"minecraft:black_wool":1,"pointblank:ammo45acp":55,"marbledsarsenal:cm6m_gas_mask":1},"minecraft:broken":{"minecraft:stone_pickaxe":2},"minecraft:custom":{"minecraft:interact_with_furnace":6,"minecraft:mob_kills":35,"minecraft:interact_with_crafting_table":5,"minecraft:damage_dealt_resisted":77,"minecraft:leave_game":2,"minecraft:time_since_death":41860,"minecraft:sleep_in_bed":3,"minecraft:climb_one_cm":2878,"minecraft:time_since_rest":6843,"minecraft:sprint_one_cm":145993,"minecraft:damage_taken":333,"minecraft:walk_one_cm":115836,"minecraft:drop":17,"minecraft:damage_dealt":2880,"minecraft:swim_one_cm":19602,"minecraft:fly_one_cm":242591,"minecraft:open_chest":1,"minecraft:crouch_one_cm":2475,"minecraft:play_time":45977,"minecraft:deaths":1,"minecraft:sneak_time":988,"minecraft:walk_under_water_one_cm":5346,"minecraft:jump":1341,"minecraft:walk_on_water_one_cm":9646,"minecraft:total_world_time":45977,"minecraft:fall_one_cm":38486}},"DataVersion":3465}