{"stats":{"minecraft:mined":{"minecraft:dark_oak_planks":11,"minecraft:deepslate_tiles":4,"minecraft:mossy_cobblestone":34,"minecraft:cherry_log":368,"minecraft:cobblestone_stairs":33,"minecraft:dark_oak_log":80,"minecraft:cherry_sapling":6,"minecraft:stripped_cherry_log":4,"minecraft:dark_oak_fence":1,"minecraft:cherry_trapdoor":17,"minecraft:grass_block":45,"biomesoplenty:pink_hibiscus":1,"minecraft:deepslate_tile_stairs":3,"minecraft:hay_block":43,"minecraft:tall_seagrass":1,"minecraft:mossy_cobblestone_slab":3,"minecraft:mossy_cobblestone_stairs":3,"minecraft:iron_ore":27,"minecraft:barrel":1,"minecraft:bookshelf":2,"minecraft:vine":1,"minecraft:pointed_dripstone":8,"minecraft:cobblestone_slab":15,"minecraft:stone":370,"minecraft:cherry_stairs":12,"biomesoplenty:maple_log":5,"minecraft:cherry_planks":20,"minecraft:red_bed":4,"biomesoplenty:hanging_cobweb_strand":1,"minecraft:deepslate_tile_slab":7,"minecraft:stone_brick_slab":6,"minecraft:crafting_table":2,"minecraft:torch":3,"minecraft:mossy_cobblestone_wall":5,"minecraft:poppy":1,"minecraft:chest":2,"minecraft:dead_bush":1,"minecraft:cobblestone":134,"minecraft:diorite":1,"minecraft:wall_torch":10,"minecraft:cherry_slab":24,"minecraft:pink_petals":8,"minecraft:seagrass":1,"minecraft:cherry_fence":6,"minecraft:birch_planks":1,"minecraft:coarse_dirt":17,"minecraft:cobblestone_wall":20,"minecraft:birch_log":7,"minecraft:cherry_door":1,"minecraft:smooth_stone_slab":1,"minecraft:stone_brick_stairs":4,"biomesoplenty:fir_log":64,"minecraft:yellow_bed":2,"minecraft:oak_log":15,"minecraft:grass":6,"minecraft:cracked_deepslate_tiles":3,"minecraft:coal_ore":129,"minecraft:dripstone_block":7,"minecraft:gravel":30,"minecraft:sand":96,"minecraft:dirt":123,"minecraft:cracked_stone_bricks":47,"minecraft:stone_bricks":24,"minecraft:mossy_stone_bricks":13,"minecraft:suspicious_gravel":5},"minecraft:broken":{"minecraft:wooden_pickaxe":1,"minecraft:stone_pickaxe":3,"minecraft:stone_axe":5,"minecraft:iron_pickaxe":1,"minecraft:stone_shovel":1},"minecraft:killed_by":{"minecraft:player":4,"minecraft:drowned":1},"minecraft:killed":{"minecraft:spider":1,"minecraft:horse":4,"minecraft:skeleton":5,"naturalist:deer":1,"minecraft:drowned":9,"minecraft:iron_golem":1,"minecraft:pillager":1,"minecraft:zombie":8,"naturalist:canary":1,"minecraft:player":3,"minecraft:enderman":1},"minecraft:dropped":{"minecraft:bread":6,"minecraft:cooked_beef":1,"minecraft:cherry_log":256,"naturalist:teddy_bear":1,"minecraft:iron_helmet":1,"minecraft:cobblestone":105,"minecraft:red_mushroom":1,"biomesoplenty:fir_sapling":12,"minecraft:cobblestone_stairs":9,"minecraft:dark_oak_log":72,"minecraft:torch":10,"minecraft:cherry_planks":192,"minecraft:iron_axe":1,"minecraft:iron_pickaxe":2,"minecraft:dark_oak_planks":9,"minecraft:gravel":25,"minecraft:coarse_dirt":2,"minecraft:pink_dye":4,"minecraft:stone_shovel":1,"minecraft:cherry_sapling":112,"minecraft:poppy":1,"minecraft:iron_chestplate":1,"minecraft:stripped_cherry_log":9,"minecraft:wooden_pickaxe":2,"minecraft:nautilus_shell":1},"minecraft:custom":{"lootr:looted_stat":11,"minecraft:mob_kills":34,"minecraft:interact_with_crafting_table":41,"minecraft:open_barrel":27,"minecraft:leave_game":8,"minecraft:time_since_death":15422,"minecraft:climb_one_cm":1858,"minecraft:sprint_one_cm":911696,"minecraft:walk_one_cm":709968,"minecraft:drop":167,"minecraft:play_time":282459,"minecraft:deaths":7,"minecraft:sneak_time":5897,"minecraft:walk_under_water_one_cm":77750,"minecraft:boat_one_cm":175789,"minecraft:jump":5646,"minecraft:walk_on_water_one_cm":53636,"minecraft:total_world_time":282459,"minecraft:interact_with_furnace":15,"minecraft:sleep_in_bed":26,"minecraft:time_since_rest":1162,"minecraft:damage_taken":7414,"minecraft:damage_dealt":7057,"minecraft:swim_one_cm":251943,"minecraft:fly_one_cm":1226478,"minecraft:player_kills":3,"minecraft:open_chest":57,"minecraft:crouch_one_cm":16771,"minecraft:fall_one_cm":166644},"minecraft:crafted":{"minecraft:cherry_planks":256,"minecraft:black_dye":1,"minecraft:oak_planks":40,"minecraft:stone_shovel":2,"minecraft:cherry_slab":12,"biomesoplenty:maple_planks":20,"minecraft:furnace":1,"minecraft:cobblestone_stairs":12,"minecraft:pink_dye":4,"minecraft:glass":34,"minecraft:cherry_trapdoor":4,"minecraft:iron_axe":1,"minecraft:stone_pickaxe":4,"minecraft:wheat":387,"minecraft:cooked_beef":2,"minecraft:red_dye":1,"biomesoplenty:fir_boat":3,"minecraft:crafting_table":2,"minecraft:iron_helmet":1,"minecraft:wooden_pickaxe":2,"minecraft:baked_potato":34,"minecraft:stone_axe":3,"minecraft:bread":118,"minecraft:air":0,"biomesoplenty:fir_planks":188,"minecraft:oak_boat":1,"minecraft:iron_chestplate":1,"minecraft:stick":12,"minecraft:iron_ingot":20,"minecraft:iron_pickaxe":3,"minecraft:black_bed":1,"minecraft:torch":100},"minecraft:used":{"minecraft:cherry_sapling":54,"simplyswords:diamond_glaive":100,"minecraft:iron_shovel":63,"minecraft:stone_shovel":216,"minecraft:poppy":3,"minecraft:chest":2,"minecraft:stone_hoe":34,"minecraft:iron_chestplate":1,"minecraft:torch":110,"minecraft:dirt":189,"minecraft:granite":1,"minecraft:mossy_cobblestone_stairs":3,"minecraft:stone_brick_slab":5,"minecraft:iron_axe":129,"minecraft:grass_block":1,"minecraft:cherry_slab":5,"minecraft:cherry_trapdoor":14,"minecraft:stone_brick_stairs":4,"minecraft:barrel":1,"minecraft:stone_bricks":18,"minecraft:goat_horn":5,"minecraft:furnace":1,"another_furniture:service_bell":1,"naturalist:teddy_bear":5,"minecraft:cooked_beef":1,"minecraft:potato":8,"minecraft:cherry_log":4,"minecraft:pointed_dripstone":7,"another_furniture:pink_lamp":2,"minecraft:mossy_stone_bricks":7,"minecraft:diorite":1,"minecraft:cobblestone_stairs":20,"minecraft:stone_pickaxe":400,"minecraft:oak_planks":2,"minecraft:baked_potato":34,"minecraft:wooden_pickaxe":60,"biomesoplenty:fir_planks":21,"biomesoplenty:fir_boat":5,"biomesoplenty:pink_hibiscus":2,"minecraft:cobblestone_slab":15,"minecraft:cracked_stone_bricks":38,"minecraft:mossy_cobblestone":32,"minecraft:sand":1,"minecraft:crafting_table":4,"minecraft:red_bed":3,"minecraft:red_mushroom":1,"minecraft:black_bed":2,"minecraft:apple":3,"minecraft:cherry_door":1,"minecraft:bread":99,"minecraft:iron_pickaxe":444,"minecraft:gravel":23,"minecraft:stone_axe":550,"minecraft:pink_petals":28,"minecraft:cobblestone":322,"minecraft:white_banner":5,"minecraft:smooth_stone_slab":1,"minecraft:yellow_bed":2,"minecraft:oak_boat":1,"minecraft:stripped_cherry_log":1,"biomesoplenty:fir_log":1,"minecraft:coarse_dirt":4},"minecraft:picked_up":{"minecraft:crafting_table":2,"minecraft:coarse_dirt":11,"minecraft:wheat":64,"minecraft:chicken":2,"naturalist:venison":4,"minecraft:wooden_pickaxe":1,"minecraft:stripped_cherry_log":13,"minecraft:stone_brick_stairs":4,"minecraft:iron_axe":2,"minecraft:string":1,"minecraft:red_bed":4,"minecraft:raw_copper":12,"minecraft:smooth_stone_slab":1,"minecraft:iron_shovel":2,"minecraft:cracked_stone_bricks":42,"minecraft:deepslate_tiles":12,"simplyswords:runic_tablet":7,"minecraft:gold_nugget":1,"biomesoplenty:fir_planks":50,"biomesoplenty:pink_hibiscus":1,"minecraft:mossy_cobblestone_wall":17,"minecraft:beef":2,"minecraft:cobblestone_slab":19,"minecraft:poppy":5,"minecraft:iron_pickaxe":6,"minecraft:chest":2,"minecraft:cherry_trapdoor":15,"minecraft:stick":340,"minecraft:raw_iron":31,"minecraft:cherry_stairs":12,"minecraft:copper_ingot":5,"minecraft:torch":121,"biomesoplenty:orange_maple_sapling":6,"minecraft:cherry_log":550,"minecraft:pointed_dripstone":11,"minecraft:diorite":1,"minecraft:deepslate_tile_stairs":7,"minecraft:dark_oak_planks":9,"minecraft:rotten_flesh":25,"minecraft:arrow":9,"minecraft:stone_shovel":6,"minecraft:hay_block":51,"minecraft:birch_log":7,"minecraft:cobblestone":515,"minecraft:nautilus_shell":1,"minecraft:cracked_deepslate_tiles":5,"minecraft:pink_petals":32,"minecraft:mossy_cobblestone_slab":3,"minecraft:feather":4,"minecraft:cooked_beef":2,"minecraft:cherry_planks":84,"naturalist:teddy_bear":1,"minecraft:black_bed":1,"minecraft:leather":20,"minecraft:red_mushroom":8,"minecraft:potato":5,"minecraft:birch_planks":1,"biomesoplenty:fir_sapling":12,"biomesoplenty:fir_log":48,"minecraft:flint":39,"minecraft:oak_log":15,"minecraft:deepslate_tile_slab":14,"minecraft:cobblestone_wall":78,"minecraft:cherry_fence":5,"minecraft:cobblestone_stairs":49,"minecraft:yellow_bed":2,"simplyswords:diamond_glaive":6,"minecraft:cherry_door":3,"minecraft:dirt":185,"minecraft:white_banner":5,"minecraft:bone":5,"minecraft:apple":2,"minecraft:stone_bricks":26,"minecraft:wheat_seeds":1,"biomesoplenty:fir_boat":2,"biomesoplenty:maple_log":5,"minecraft:iron_ingot":7,"minecraft:stone_pickaxe":1,"minecraft:mossy_stone_bricks":17,"minecraft:stone_hoe":2,"minecraft:book":6,"minecraft:stone_brick_slab":9,"minecraft:dripstone_block":7,"minecraft:gravel":117,"minecraft:sand":90,"minecraft:dark_oak_log":69,"minecraft:ink_sac":4,"minecraft:grass_block":1,"minecraft:barrel":1,"minecraft:mossy_cobblestone":38,"minecraft:stone_axe":1,"minecraft:granite":1,"minecraft:cherry_sapling":193,"minecraft:mossy_cobblestone_stairs":3,"minecraft:bread":163,"minecraft:emerald":4,"minecraft:baked_potato":25,"minecraft:oak_sapling":16,"minecraft:cherry_slab":24,"minecraft:dark_oak_fence":2,"minecraft:coal":130,"minecraft:ender_pearl":1}},"DataVersion":3465}