{"stats":{"minecraft:killed_by":{"minecraft:player":1},"minecraft:custom":{"minecraft:interact_with_furnace":13,"minecraft:mob_kills":66,"minecraft:interact_with_crafting_table":6,"minecraft:damage_dealt_resisted":1560,"minecraft:leave_game":5,"minecraft:time_since_death":96671,"minecraft:sleep_in_bed":7,"minecraft:climb_one_cm":9997,"minecraft:time_since_rest":11128,"minecraft:sprint_one_cm":379951,"minecraft:damage_taken":564,"minecraft:walk_one_cm":206031,"minecraft:drop":27,"minecraft:damage_dealt":6651,"minecraft:damage_dealt_absorbed":110,"minecraft:swim_one_cm":104008,"minecraft:fly_one_cm":641259,"minecraft:talked_to_villager":6,"minecraft:open_chest":5,"minecraft:crouch_one_cm":4080,"minecraft:play_time":100788,"minecraft:sneak_time":2131,"minecraft:deaths":1,"minecraft:walk_under_water_one_cm":21436,"minecraft:boat_one_cm":181876,"minecraft:jump":3144,"minecraft:walk_on_water_one_cm":20731,"minecraft:fall_one_cm":87451,"minecraft:total_world_time":100788},"minecraft:crafted":{"minecraft:cooked_porkchop":8,"minecraft:crafting_table":2,"minecraft:jungle_boat":1,"comforts:sleeping_bag_white":2,"minecraft:bone_meal":3,"minecraft:cooked_mutton":4,"minecraft:air":0,"minecraft:jungle_planks":24,"minecraft:white_wool":1,"minecraft:white_dye":3,"minecraft:stick":4,"minecraft:iron_pickaxe":1,"minecraft:stone_pickaxe":1,"minecraft:torch":8},"minecraft:killed":{"minecraft:husk":1,"minecraft:pig":12,"minecraft:iron_golem":1,"alexsmobs:seagull":1,"minecraft:sheep":11,"minecraft:trader_llama":2,"minecraft:zombie":14,"minecraft:chicken":16,"alexsmobs:fly":1,"alexsmobs:crow":2,"minecraft:cow":4},"minecraft:broken":{"minecraft:stone_pickaxe":2},"minecraft:dropped":{"minecraft:bread":7,"minecraft:shelter_pottery_sherd":1,"minecraft:wheat_seeds":6,"alexsmobs:animal_dictionary":2,"marbledsarsenal:police_baton":1,"minecraft:chicken":1,"minecraft:rotten_flesh":4,"minecraft:stick":3,"sophisticatedbackpacks:gold_backpack":1,"minecraft:dirt":1,"minecraft:mutton":1,"projectvibrantjourneys:fallen_leaves":1,"minecraft:leather_boots":1,"comforts:sleeping_bag_white":3,"minecraft:white_wool":2,"pointblank:m1911a1":1,"pointblank:ammo45acp":55,"minecraft:black_wool":1,"minecraft:brick":3,"marbledsarsenal:cm6m_gas_mask":1},"minecraft:picked_up":{"sophisticatedbackpacks:gold_backpack":1,"minecraft:shelter_pottery_sherd":1,"minecraft:jungle_boat":1,"minecraft:feather":16,"minecraft:chicken":16,"minecraft:prismarine_shard":1,"minecraft:jungle_log":6,"projectvibrantjourneys:fallen_leaves":1,"minecraft:leather":12,"create:raw_zinc":15,"minecraft:lily_pad":1,"minecraft:brick":3,"minecraft:gunpowder":1,"marbledsarsenal:cm6m_gas_mask":1,"minecraft:dirt":3,"minecraft:raw_copper":4,"minecraft:leather_boots":1,"minecraft:bone":1,"minecraft:wheat_seeds":6,"comforts:sleeping_bag_white":10,"minecraft:iron_ingot":4,"minecraft:beef":12,"minecraft:stone_pickaxe":1,"minecraft:light_gray_wool":1,"minecraft:acacia_sapling":2,"pointblank:workstation":2,"minecraft:furnace":2,"minecraft:stick":7,"minecraft:raw_iron":7,"marbledsarsenal:police_baton":1,"minecraft:sand":4,"pointblank:gunmetal_nugget":21,"minecraft:porkchop":21,"minecraft:jungle_planks":4,"psg:sulphur":62,"minecraft:spider_eye":2,"alexsmobs:animal_dictionary":1,"pointblank:m1911a1":1,"pointblank:ammo45acp":55,"minecraft:rotten_flesh":16,"k_turrets:raw_titanium":7,"minecraft:mangrove_roots":1,"minecraft:bread":7,"minecraft:black_wool":2,"minecraft:mutton":19,"minecraft:coal":114,"minecraft:white_wool":12,"minecraft:cobblestone":179},"minecraft:used":{"minecraft:cooked_mutton":2,"minecraft:stone_pickaxe":250,"minecraft:leather_boots":1,"minecraft:jungle_boat":2,"minecraft:torch":2,"minecraft:sand":4,"minecraft:dirt":1,"minecraft:mutton":1,"minecraft:jungle_planks":12,"minecraft:crafting_table":2,"minecraft:acacia_sapling":1,"minecraft:bread":9,"minecraft:iron_pickaxe":51,"marbledsarsenal:police_baton":190,"pointblank:workstation":2,"minecraft:cobblestone":11,"minecraft:mangrove_roots":1,"minecraft:furnace":2,"minecraft:cooked_porkchop":8,"alexsmobs:animal_dictionary":1,"comforts:sleeping_bag_white":8},"minecraft:mined":{"create:zinc_ore":15,"minecraft:acacia_leaves":6,"minecraft:jungle_door":1,"minecraft:mangrove_roots":1,"psg:sulphur_ore":16,"projectvibrantjourneys:twigs":2,"minecraft:grass_block":3,"minecraft:decorated_pot":1,"minecraft:jungle_planks":5,"minecraft:jungle_log":8,"minecraft:dead_bush":2,"minecraft:copper_ore":2,"minecraft:tall_grass":1,"minecraft:cobblestone":7,"minecraft:moss_block":1,"projectvibrantjourneys:fallen_leaves":1,"comforts:sleeping_bag_white":1,"minecraft:seagrass":1,"minecraft:furnace":2,"minecraft:iron_ore":8,"projectvibrantjourneys:bones":1,"minecraft:mangrove_leaves":2,"minecraft:grass":3,"k_turrets:titanium_ore":7,"minecraft:coal_ore":47,"minecraft:vine":1,"projectvibrantjourneys:short_grass":5,"minecraft:sunflower":1,"minecraft:gravel":1,"minecraft:sand":4,"pointblank:workstation":2,"projectvibrantjourneys:seashells":1,"minecraft:stone":179,"minecraft:oak_leaves":2}},"DataVersion":3465}