{"stats":{"minecraft:crafted":{"minecraft:cooked_porkchop":8,"minecraft:crafting_table":2,"comforts:sleeping_bag_white":2,"minecraft:bone_meal":3,"minecraft:cooked_mutton":4,"minecraft:air":0,"minecraft:jungle_planks":24,"minecraft:white_wool":1,"minecraft:white_dye":3,"minecraft:stick":4,"minecraft:iron_pickaxe":1,"minecraft:stone_pickaxe":1,"minecraft:torch":8},"minecraft:used":{"minecraft:stone_pickaxe":250,"minecraft:leather_boots":1,"minecraft:torch":2,"minecraft:dirt":1,"minecraft:mutton":1,"minecraft:crafting_table":2,"minecraft:jungle_planks":6,"minecraft:iron_pickaxe":27,"minecraft:bread":9,"marbledsarsenal:police_baton":91,"pointblank:workstation":2,"minecraft:cooked_porkchop":3,"minecraft:furnace":2,"comforts:sleeping_bag_white":5,"alexsmobs:animal_dictionary":1},"minecraft:killed":{"minecraft:husk":1,"minecraft:pig":6,"alexsmobs:seagull":1,"minecraft:sheep":5,"minecraft:zombie":10,"minecraft:chicken":16,"alexsmobs:fly":1,"alexsmobs:crow":2,"minecraft:cow":3},"minecraft:killed_by":{"minecraft:player":1},"minecraft:picked_up":{"minecraft:feather":16,"minecraft:chicken":16,"minecraft:prismarine_shard":1,"minecraft:jungle_log":6,"minecraft:leather":8,"create:raw_zinc":15,"marbledsarsenal:cm6m_gas_mask":1,"minecraft:dirt":2,"minecraft:raw_copper":4,"minecraft:leather_boots":1,"minecraft:bone":1,"minecraft:wheat_seeds":4,"comforts:sleeping_bag_white":7,"minecraft:stone_pickaxe":1,"minecraft:beef":9,"pointblank:workstation":2,"minecraft:furnace":2,"minecraft:stick":5,"minecraft:raw_iron":6,"marbledsarsenal:police_baton":1,"minecraft:porkchop":12,"psg:sulphur":36,"pointblank:gunmetal_nugget":14,"minecraft:jungle_planks":1,"minecraft:spider_eye":2,"alexsmobs:animal_dictionary":1,"pointblank:m1911a1":1,"pointblank:ammo45acp":55,"minecraft:rotten_flesh":10,"k_turrets:raw_titanium":7,"minecraft:bread":7,"minecraft:black_wool":2,"minecraft:mutton":9,"minecraft:coal":114,"minecraft:white_wool":7,"minecraft:cobblestone":176},"minecraft:dropped":{"minecraft:bread":7,"minecraft:wheat_seeds":4,"alexsmobs:animal_dictionary":1,"marbledsarsenal:police_baton":1,"minecraft:chicken":1,"minecraft:rotten_flesh":4,"minecraft:stick":3,"minecraft:dirt":1,"minecraft:mutton":1,"minecraft:leather_boots":1,"comforts:sleeping_bag_white":3,"minecraft:white_wool":2,"pointblank:m1911a1":1,"minecraft:black_wool":1,"pointblank:ammo45acp":55,"marbledsarsenal:cm6m_gas_mask":1},"minecraft:mined":{"create:zinc_ore":15,"minecraft:jungle_door":1,"psg:sulphur_ore":8,"projectvibrantjourneys:twigs":2,"minecraft:grass_block":2,"minecraft:jungle_planks":2,"minecraft:jungle_log":8,"minecraft:dead_bush":2,"minecraft:tall_grass":1,"minecraft:copper_ore":2,"minecraft:cobblestone":4,"comforts:sleeping_bag_white":1,"minecraft:furnace":2,"minecraft:iron_ore":7,"projectvibrantjourneys:bones":1,"minecraft:grass":1,"k_turrets:titanium_ore":7,"minecraft:coal_ore":47,"projectvibrantjourneys:short_grass":4,"minecraft:vine":1,"minecraft:gravel":1,"pointblank:workstation":2,"projectvibrantjourneys:seashells":1,"minecraft:stone":179,"minecraft:oak_leaves":2},"minecraft:broken":{"minecraft:stone_pickaxe":2},"minecraft:custom":{"minecraft:interact_with_furnace":13,"minecraft:mob_kills":46,"minecraft:interact_with_crafting_table":5,"minecraft:damage_dealt_resisted":77,"minecraft:leave_game":2,"minecraft:time_since_death":53860,"minecraft:sleep_in_bed":4,"minecraft:climb_one_cm":9082,"minecraft:time_since_rest":6195,"minecraft:sprint_one_cm":198380,"minecraft:damage_taken":356,"minecraft:walk_one_cm":146160,"minecraft:drop":20,"minecraft:damage_dealt":3308,"minecraft:talked_to_villager":5,"minecraft:swim_one_cm":24838,"minecraft:fly_one_cm":321505,"minecraft:open_chest":4,"minecraft:crouch_one_cm":2996,"minecraft:play_time":57977,"minecraft:deaths":1,"minecraft:sneak_time":1067,"minecraft:walk_under_water_one_cm":7747,"minecraft:jump":1709,"minecraft:walk_on_water_one_cm":11367,"minecraft:total_world_time":57977,"minecraft:fall_one_cm":45737}},"DataVersion":3465}