{"stats":{"minecraft:crafted":{"minecraft:stone_pickaxe":1,"minecraft:jungle_planks":24},"minecraft:used":{"minecraft:bread":6,"minecraft:stone_pickaxe":128,"marbledsarsenal:police_baton":23,"minecraft:leather_boots":1,"minecraft:mutton":1,"minecraft:jungle_planks":4,"alexsmobs:animal_dictionary":1},"minecraft:killed":{"minecraft:sheep":3,"minecraft:zombie":7},"minecraft:killed_by":{"minecraft:player":1},"minecraft:mined":{"minecraft:iron_ore":1,"psg:sulphur_ore":8,"minecraft:grass":1,"projectvibrantjourneys:twigs":2,"minecraft:grass_block":1,"minecraft:jungle_planks":1,"projectvibrantjourneys:short_grass":1,"minecraft:vine":1,"minecraft:jungle_log":8,"minecraft:dead_bush":2,"minecraft:cobblestone":2,"minecraft:tall_grass":1,"minecraft:stone":114,"minecraft:oak_leaves":2},"minecraft:dropped":{"minecraft:bread":7,"minecraft:wheat_seeds":1,"alexsmobs:animal_dictionary":1,"minecraft:mutton":1,"marbledsarsenal:police_baton":1,"minecraft:leather_boots":1,"minecraft:rotten_flesh":4,"minecraft:white_wool":2,"pointblank:m1911a1":1,"pointblank:ammo45acp":55,"minecraft:black_wool":1,"minecraft:stick":3,"marbledsarsenal:cm6m_gas_mask":1},"minecraft:picked_up":{"minecraft:stick":5,"minecraft:raw_iron":1,"marbledsarsenal:police_baton":1,"minecraft:jungle_log":6,"pointblank:gunmetal_nugget":7,"psg:sulphur":36,"minecraft:spider_eye":1,"marbledsarsenal:cm6m_gas_mask":1,"minecraft:dirt":1,"alexsmobs:animal_dictionary":1,"pointblank:ammo45acp":55,"pointblank:m1911a1":1,"minecraft:leather_boots":1,"minecraft:rotten_flesh":9,"minecraft:wheat_seeds":3,"minecraft:stone_pickaxe":1,"minecraft:bread":7,"minecraft:mutton":3,"minecraft:black_wool":2,"minecraft:cobblestone":105,"minecraft:white_wool":4},"minecraft:broken":{"minecraft:stone_pickaxe":1},"minecraft:custom":{"minecraft:time_since_rest":17887,"minecraft:interact_with_furnace":3,"minecraft:sprint_one_cm":65264,"minecraft:damage_taken":296,"minecraft:walk_one_cm":62012,"minecraft:mob_kills":10,"minecraft:drop":14,"minecraft:damage_dealt":904,"minecraft:swim_one_cm":4557,"minecraft:interact_with_crafting_table":2,"minecraft:fly_one_cm":90931,"minecraft:crouch_one_cm":1405,"minecraft:play_time":21977,"minecraft:deaths":1,"minecraft:sneak_time":522,"minecraft:walk_under_water_one_cm":3219,"minecraft:damage_dealt_resisted":20,"minecraft:jump":506,"minecraft:leave_game":2,"minecraft:walk_on_water_one_cm":4262,"minecraft:time_since_death":17860,"minecraft:climb_one_cm":2324,"minecraft:total_world_time":21977,"minecraft:fall_one_cm":17221}},"DataVersion":3465}