{"stats":{"minecraft:mined":{"minecraft:dark_oak_fence":2,"minecraft:grass_block":4,"minecraft:light_gray_bed":3,"minecraft:hay_block":14,"biomesoplenty:tall_lavender":1,"minecraft:fire":23,"minecraft:iron_ore":2,"biomesoplenty:lavender":4,"minecraft:peony":3,"biomesoplenty:barley":27,"minecraft:stone":42,"biomesoplenty:maple_log":20,"minecraft:crafting_table":2,"minecraft:torch":27,"minecraft:campfire":1,"minecraft:tall_grass":4,"minecraft:oak_planks":3,"minecraft:pink_petals":6,"minecraft:birch_log":31,"minecraft:birch_leaves":4,"minecraft:light_gray_wool":6,"minecraft:grass":16,"minecraft:coal_ore":73,"minecraft:oak_log":123,"minecraft:dirt":10,"biomesoplenty:orange_maple_leaf_pile":1,"minecraft:oak_leaves":13},"minecraft:picked_up":{"minecraft:charcoal":28,"minecraft:crafting_table":2,"minecraft:birch_door":2,"minecraft:chicken":18,"minecraft:wooden_pickaxe":2,"biomesoplenty:red_maple_sapling":1,"minecraft:golden_sword":2,"minecraft:string":1,"minecraft:flint_and_steel":2,"biomesoplenty:tall_lavender":1,"minecraft:gold_nugget":11,"minecraft:beef":8,"minecraft:poppy":2,"minecraft:iron_nugget":15,"minecraft:light_gray_wool":7,"minecraft:birch_sapling":17,"minecraft:raw_iron":6,"minecraft:stick":96,"minecraft:torch":33,"minecraft:porkchop":36,"minecraft:golden_axe":1,"biomesoplenty:orange_maple_sapling":4,"minecraft:arrow":70,"minecraft:light_gray_bed":4,"minecraft:rotten_flesh":6,"minecraft:peony":1,"minecraft:hay_block":14,"minecraft:gold_ingot":8,"minecraft:cobblestone":63,"minecraft:mutton":8,"minecraft:cod":26,"minecraft:white_wool":6,"biomesoplenty:lavender":1,"minecraft:birch_log":31,"minecraft:pink_petals":32,"minecraft:feather":24,"minecraft:cooked_beef":16,"minecraft:salmon":18,"biomesoplenty:goldenrod":2,"minecraft:oak_log":297,"mca:book_romance":1,"minecraft:dirt":13,"minecraft:white_banner":4,"minecraft:name_tag":2,"naturalist:bass":1,"minecraft:cooked_mutton":12,"minecraft:bone":7,"minecraft:apple":31,"minecraft:wheat_seeds":4,"biomesoplenty:maple_log":20,"minecraft:iron_ingot":9,"minecraft:stone_pickaxe":2,"minecraft:oak_planks":256,"minecraft:cooked_porkchop":3,"minecraft:spyglass":2,"minecraft:spider_eye":2,"minecraft:crossbow":10,"minecraft:bone_meal":1,"minecraft:golden_apple":2,"minecraft:emerald":31,"minecraft:oak_sapling":53,"minecraft:dark_oak_fence":1,"minecraft:coal":91},"minecraft:crafted":{"minecraft:oak_planks":268,"minecraft:furnace":2,"minecraft:stone_pickaxe":1,"minecraft:birch_door":3,"minecraft:golden_sword":1,"minecraft:wheat":126,"minecraft:crafting_table":2,"minecraft:wooden_pickaxe":1,"minecraft:birch_planks":20,"minecraft:stone_axe":2,"minecraft:bread":42,"minecraft:air":0,"minecraft:light_gray_bed":2,"minecraft:white_wool":1,"minecraft:charcoal":20,"minecraft:white_dye":1,"minecraft:stick":8,"minecraft:iron_ingot":1,"minecraft:white_bed":1,"minecraft:torch":44},"minecraft:used":{"minecraft:peony":1,"minecraft:flint_and_steel":42,"minecraft:torch":65,"minecraft:dirt":13,"minecraft:spyglass":2,"minecraft:mutton":1,"biomesoplenty:orange_maple_sapling":4,"minecraft:birch_door":5,"minecraft:birch_sapling":1,"minecraft:golden_sword":268,"minecraft:goat_horn":1,"minecraft:furnace":2,"minecraft:cooked_beef":8,"minecraft:light_gray_bed":4,"minecraft:golden_axe":1,"naturalist:bass":1,"minecraft:cooked_mutton":6,"minecraft:birch_planks":1,"minecraft:stone_pickaxe":104,"minecraft:oak_planks":9,"minecraft:wooden_pickaxe":37,"minecraft:white_wool":2,"minecraft:golden_apple":3,"biomesoplenty:goldenrod":2,"minecraft:crafting_table":4,"minecraft:crossbow":64,"minecraft:white_bed":1,"minecraft:apple":13,"minecraft:firework_rocket":5,"minecraft:bread":23,"minecraft:stone_axe":247,"biomesoplenty:red_maple_sapling":1,"minecraft:cobblestone":8,"minecraft:white_banner":1,"minecraft:dark_oak_fence":1,"minecraft:experience_bottle":1},"minecraft:killed":{"minecraft:vindicator":2,"minecraft:spider":2,"minecraft:cod":26,"minecraft:skeleton":3,"minecraft:chicken":6,"minecraft:drowned":1,"minecraft:pig":8,"minecraft:salmon":9,"naturalist:butterfly":1,"minecraft:creeper":1,"minecraft:sheep":5,"minecraft:pillager":43,"minecraft:zombie":3,"minecraft:cow":4},"minecraft:dropped":{"minecraft:bread":16,"minecraft:wheat_seeds":1,"minecraft:crossbow":2,"minecraft:golden_axe":1,"mca:book_romance":1,"minecraft:bone":1,"minecraft:birch_sapling":16,"minecraft:wooden_pickaxe":2},"minecraft:custom":{"lootr:looted_stat":7,"minecraft:mob_kills":117,"minecraft:interact_with_crafting_table":13,"minecraft:interact_with_campfire":15,"minecraft:leave_game":1,"minecraft:time_since_death":14655,"minecraft:climb_one_cm":2276,"minecraft:sprint_one_cm":326879,"minecraft:walk_one_cm":245671,"minecraft:drop":11,"minecraft:play_time":108149,"minecraft:sneak_time":2181,"minecraft:deaths":2,"minecraft:walk_under_water_one_cm":41811,"minecraft:jump":2272,"minecraft:walk_on_water_one_cm":22101,"minecraft:total_world_time":108149,"minecraft:interact_with_furnace":11,"minecraft:sleep_in_bed":4,"minecraft:time_since_rest":14701,"minecraft:damage_taken":3329,"minecraft:damage_absorbed":120,"minecraft:damage_dealt":9800,"minecraft:swim_one_cm":107061,"minecraft:fly_one_cm":543957,"minecraft:crouch_one_cm":4631,"minecraft:fall_one_cm":60514},"minecraft:broken":{"minecraft:golden_sword":1,"minecraft:stone_axe":2},"minecraft:killed_by":{"minecraft:pillager":1}},"DataVersion":3465}