{"stats":{"minecraft:crafted":{"minecraft:birch_planks":128,"minecraft:crafting_table":1,"minecraft:stick":4,"minecraft:wooden_pickaxe":1,"minecraft:wooden_axe":1},"minecraft:used":{"minecraft:moss_block":1,"minecraft:wooden_axe":34,"minecraft:crafting_table":1,"minecraft:wooden_pickaxe":25},"minecraft:picked_up":{"minecraft:wooden_axe":1,"minecraft:birch_log":32,"minecraft:stick":2,"minecraft:birch_planks":119,"minecraft:moss_block":1,"minecraft:coal":6,"minecraft:birch_sapling":2,"minecraft:cobblestone":19},"minecraft:dropped":{"minecraft:birch_planks":55,"minecraft:wooden_axe":1,"minecraft:birch_sapling":1},"minecraft:mined":{"minecraft:grass":1,"minecraft:coal_ore":6,"minecraft:birch_log":32,"minecraft:tall_grass":1,"minecraft:stone":19,"minecraft:moss_block":1},"minecraft:custom":{"minecraft:time_since_rest":3087,"minecraft:sprint_one_cm":37564,"minecraft:play_time":12742,"minecraft:deaths":1,"minecraft:damage_taken":10,"minecraft:walk_one_cm":20506,"minecraft:sneak_time":9,"minecraft:drop":3,"minecraft:jump":251,"minecraft:leave_game":1,"minecraft:time_since_death":3027,"minecraft:total_world_time":12742,"minecraft:interact_with_crafting_table":5,"minecraft:fall_one_cm":8509,"minecraft:fly_one_cm":55561}},"DataVersion":3465}