{"stats":{"minecraft:crafted":{"minecraft:crafting_table":3,"minecraft:baked_potato":4,"minecraft:stick":16,"minecraft:birch_boat":2,"minecraft:wooden_pickaxe":1,"minecraft:stone_pickaxe":1,"minecraft:wooden_axe":1,"minecraft:torch":32,"minecraft:birch_planks":128,"minecraft:stone_axe":1,"minecraft:air":0},"minecraft:used":{"minecraft:moss_block":1,"minecraft:wooden_axe":35,"minecraft:bread":1,"minecraft:stone_pickaxe":17,"minecraft:birch_sapling":1,"minecraft:baked_potato":4,"minecraft:birch_boat":2,"minecraft:wooden_pickaxe":25,"minecraft:blue_bed":2,"minecraft:stone_axe":11,"minecraft:pink_petals":2,"minecraft:sweet_berries":7,"minecraft:crafting_table":4,"minecraft:crossbow":3,"simplyswords:iron_halberd":37,"minecraft:pumpkin_pie":4,"naturalist:lizard_tail":1},"minecraft:picked_up":{"minecraft:wooden_axe":1,"minecraft:birch_log":32,"minecraft:crafting_table":1,"minecraft:stick":2,"minecraft:raw_iron":3,"minecraft:wheat":8,"minecraft:chicken":1,"minecraft:birch_planks":119,"minecraft:cherry_log":10,"naturalist:lizard_tail":1,"minecraft:blue_bed":2,"minecraft:dirt":1,"minecraft:white_banner":1,"minecraft:bone":1,"minecraft:arrow":9,"minecraft:wheat_seeds":16,"minecraft:crossbow":1,"minecraft:emerald":1,"minecraft:moss_block":1,"minecraft:birch_sapling":2,"minecraft:coal":17,"minecraft:pink_petals":2,"minecraft:cobblestone":21},"minecraft:dropped":{"minecraft:birch_planks":55,"minecraft:wooden_axe":2,"minecraft:birch_sapling":1},"minecraft:killed":{"minecraft:pillager":8,"minecraft:creeper":1,"naturalist:snail":1,"minecraft:skeleton":1},"minecraft:mined":{"minecraft:birch_log":32,"minecraft:iron_ore":3,"minecraft:cherry_log":10,"minecraft:crafting_table":1,"minecraft:grass":1,"minecraft:grass_block":1,"minecraft:coal_ore":17,"minecraft:tall_grass":1,"minecraft:stone":21,"minecraft:moss_block":1,"minecraft:blue_bed":2},"minecraft:custom":{"minecraft:time_since_rest":4310,"lootr:looted_stat":4,"minecraft:sprint_one_cm":163988,"minecraft:damage_taken":430,"minecraft:walk_one_cm":101791,"minecraft:mob_kills":11,"minecraft:drop":4,"minecraft:damage_dealt":1998,"minecraft:swim_one_cm":8129,"minecraft:talked_to_villager":1,"minecraft:interact_with_crafting_table":12,"minecraft:fly_one_cm":186847,"minecraft:crouch_one_cm":1327,"minecraft:play_time":36742,"minecraft:deaths":1,"minecraft:sneak_time":586,"minecraft:walk_under_water_one_cm":2534,"minecraft:boat_one_cm":9533,"minecraft:jump":887,"minecraft:leave_game":1,"minecraft:walk_on_water_one_cm":4974,"minecraft:time_since_death":27027,"minecraft:climb_one_cm":244,"minecraft:sleep_in_bed":2,"minecraft:interact_with_smoker":3,"minecraft:total_world_time":36742,"minecraft:fall_one_cm":24255}},"DataVersion":3465}