{"stats":{"minecraft:crafted":{"minecraft:cooked_porkchop":8,"minecraft:crafting_table":2,"comforts:sleeping_bag_white":2,"minecraft:bone_meal":3,"minecraft:cooked_mutton":4,"minecraft:air":0,"minecraft:jungle_planks":24,"minecraft:white_wool":1,"minecraft:white_dye":3,"minecraft:stick":4,"minecraft:iron_pickaxe":1,"minecraft:stone_pickaxe":1,"minecraft:torch":8},"minecraft:used":{"minecraft:stone_pickaxe":250,"minecraft:leather_boots":1,"minecraft:torch":2,"minecraft:dirt":1,"minecraft:mutton":1,"minecraft:crafting_table":2,"minecraft:jungle_planks":12,"minecraft:acacia_sapling":1,"minecraft:iron_pickaxe":40,"minecraft:bread":9,"marbledsarsenal:police_baton":155,"pointblank:workstation":2,"minecraft:cooked_porkchop":6,"minecraft:furnace":2,"comforts:sleeping_bag_white":6,"alexsmobs:animal_dictionary":1},"minecraft:killed":{"minecraft:husk":1,"minecraft:pig":11,"minecraft:iron_golem":1,"alexsmobs:seagull":1,"minecraft:sheep":7,"minecraft:zombie":11,"minecraft:chicken":16,"alexsmobs:fly":1,"alexsmobs:crow":2,"minecraft:cow":3},"minecraft:killed_by":{"minecraft:player":1},"minecraft:dropped":{"minecraft:bread":7,"minecraft:shelter_pottery_sherd":1,"minecraft:wheat_seeds":4,"alexsmobs:animal_dictionary":2,"marbledsarsenal:police_baton":1,"minecraft:chicken":1,"minecraft:rotten_flesh":4,"minecraft:stick":3,"sophisticatedbackpacks:gold_backpack":1,"minecraft:dirt":1,"minecraft:mutton":1,"minecraft:leather_boots":1,"comforts:sleeping_bag_white":3,"minecraft:white_wool":2,"minecraft:brick":3,"pointblank:m1911a1":1,"minecraft:black_wool":1,"pointblank:ammo45acp":55,"marbledsarsenal:cm6m_gas_mask":1},"minecraft:picked_up":{"sophisticatedbackpacks:gold_backpack":1,"minecraft:shelter_pottery_sherd":1,"minecraft:feather":16,"minecraft:chicken":16,"minecraft:prismarine_shard":1,"minecraft:jungle_log":6,"minecraft:leather":8,"create:raw_zinc":15,"minecraft:lily_pad":1,"minecraft:brick":3,"marbledsarsenal:cm6m_gas_mask":1,"minecraft:dirt":3,"minecraft:raw_copper":4,"minecraft:leather_boots":1,"minecraft:bone":1,"minecraft:wheat_seeds":4,"minecraft:iron_ingot":4,"comforts:sleeping_bag_white":8,"minecraft:stone_pickaxe":1,"minecraft:beef":9,"minecraft:light_gray_wool":1,"minecraft:acacia_sapling":1,"pointblank:workstation":2,"minecraft:furnace":2,"minecraft:stick":5,"minecraft:raw_iron":7,"marbledsarsenal:police_baton":1,"minecraft:porkchop":20,"psg:sulphur":42,"pointblank:gunmetal_nugget":18,"minecraft:jungle_planks":4,"minecraft:spider_eye":2,"alexsmobs:animal_dictionary":1,"pointblank:m1911a1":1,"pointblank:ammo45acp":55,"minecraft:rotten_flesh":12,"k_turrets:raw_titanium":7,"minecraft:bread":7,"minecraft:black_wool":2,"minecraft:mutton":12,"minecraft:coal":114,"minecraft:white_wool":8,"minecraft:cobblestone":176},"minecraft:mined":{"create:zinc_ore":15,"minecraft:acacia_leaves":6,"minecraft:jungle_door":1,"psg:sulphur_ore":10,"projectvibrantjourneys:twigs":2,"minecraft:grass_block":3,"minecraft:decorated_pot":1,"minecraft:jungle_planks":5,"minecraft:jungle_log":8,"minecraft:dead_bush":2,"minecraft:tall_grass":1,"minecraft:copper_ore":2,"minecraft:cobblestone":4,"comforts:sleeping_bag_white":1,"minecraft:furnace":2,"minecraft:iron_ore":8,"projectvibrantjourneys:bones":1,"minecraft:grass":2,"k_turrets:titanium_ore":7,"minecraft:coal_ore":47,"projectvibrantjourneys:short_grass":4,"minecraft:vine":1,"minecraft:gravel":1,"pointblank:workstation":2,"projectvibrantjourneys:seashells":1,"minecraft:stone":179,"minecraft:oak_leaves":2},"minecraft:broken":{"minecraft:stone_pickaxe":2},"minecraft:custom":{"minecraft:interact_with_furnace":13,"minecraft:mob_kills":55,"minecraft:interact_with_crafting_table":5,"minecraft:damage_dealt_resisted":1560,"minecraft:leave_game":3,"minecraft:time_since_death":68295,"minecraft:sleep_in_bed":5,"minecraft:climb_one_cm":9458,"minecraft:time_since_rest":7830,"minecraft:sprint_one_cm":276843,"minecraft:damage_taken":466,"minecraft:walk_one_cm":169710,"minecraft:drop":24,"minecraft:damage_dealt":5182,"minecraft:damage_dealt_absorbed":110,"minecraft:talked_to_villager":5,"minecraft:swim_one_cm":31023,"minecraft:fly_one_cm":429660,"minecraft:open_chest":4,"minecraft:crouch_one_cm":3238,"minecraft:play_time":72412,"minecraft:deaths":1,"minecraft:sneak_time":1814,"minecraft:walk_under_water_one_cm":8278,"minecraft:boat_one_cm":14812,"minecraft:jump":2270,"minecraft:walk_on_water_one_cm":12545,"minecraft:total_world_time":72412,"minecraft:fall_one_cm":64821}},"DataVersion":3465}