{"stats":{"minecraft:mined":{"biomesoplenty:fir_log":4,"minecraft:grass":15,"minecraft:oak_log":2,"minecraft:tall_grass":2,"minecraft:oak_leaves":2},"minecraft:killed":{"promenade:capybara":1,"minecraft:horse":2,"minecraft:skeleton":1,"minecraft:zombie":4,"minecraft:pig":2,"naturalist:bluejay":3,"promenade:duck":1,"minecraft:salmon":4,"naturalist:butterfly":1,"minecraft:spider":1,"hamsters:hamster":1,"minecraft:creeper":4,"minecraft:squid":1,"minecraft:cow":1},"minecraft:custom":{"minecraft:time_since_rest":2381,"lootr:looted_stat":3,"minecraft:sprint_one_cm":109100,"minecraft:damage_taken":466,"minecraft:walk_one_cm":64176,"minecraft:mob_kills":27,"minecraft:damage_dealt":1190,"minecraft:swim_one_cm":60476,"minecraft:interact_with_crafting_table":1,"minecraft:fly_one_cm":179878,"minecraft:open_chest":1,"minecraft:crouch_one_cm":704,"minecraft:play_time":29782,"minecraft:deaths":3,"minecraft:sneak_time":138,"minecraft:walk_under_water_one_cm":14239,"minecraft:jump":816,"minecraft:walk_on_water_one_cm":2985,"minecraft:time_since_death":2353,"minecraft:total_world_time":29782,"minecraft:climb_one_cm":678,"minecraft:fall_one_cm":22726},"minecraft:crafted":{"biomesoplenty:fir_planks":8,"minecraft:wooden_sword":1,"minecraft:oak_planks":8,"minecraft:crafting_table":1,"minecraft:stick":4},"minecraft:picked_up":{"minecraft:stick":4,"minecraft:feather":8,"minecraft:salmon":2,"minecraft:leather":8,"biomesoplenty:fir_log":2,"minecraft:porkchop":10,"minecraft:flint":3,"minecraft:oak_log":2,"minecraft:gunpowder":2,"minecraft:carrot":1,"minecraft:string":1,"minecraft:wooden_sword":1,"minecraft:rotten_flesh":6,"minecraft:arrow":10,"minecraft:bow":2,"minecraft:wheat_seeds":4,"minecraft:iron_ingot":4,"minecraft:beef":1,"minecraft:oak_planks":8},"minecraft:killed_by":{"minecraft:player":2},"minecraft:used":{"minecraft:oak_planks":1,"minecraft:salmon":2,"minecraft:wooden_sword":49,"minecraft:bow":5,"minecraft:beef":1,"minecraft:crafting_table":1,"minecraft:porkchop":5,"minecraft:carrot":2}},"DataVersion":3465}