{"stats":{"minecraft:crafted":{"minecraft:crafting_table":3,"minecraft:wooden_pickaxe":1,"minecraft:birch_boat":2,"minecraft:baked_potato":4,"minecraft:birch_planks":128,"minecraft:stone_axe":1,"minecraft:air":0,"minecraft:stick":16,"minecraft:stone_pickaxe":1,"minecraft:wooden_axe":1,"minecraft:torch":32},"minecraft:used":{"naturalist:lizard_tail":1,"minecraft:moss_block":1,"minecraft:birch_planks":13,"minecraft:stone_pickaxe":20,"minecraft:baked_potato":4,"minecraft:wooden_pickaxe":25,"minecraft:birch_boat":2,"minecraft:blue_bed":2,"minecraft:dirt":1,"minecraft:crafting_table":4,"simplyswords:iron_halberd":64,"minecraft:crossbow":20,"minecraft:wooden_axe":35,"minecraft:bread":9,"minecraft:birch_sapling":1,"minecraft:stone_axe":11,"minecraft:pink_petals":2,"minecraft:cobblestone":14,"minecraft:sweet_berries":7,"minecraft:pumpkin_pie":5},"minecraft:picked_up":{"minecraft:wooden_axe":1,"minecraft:birch_log":32,"minecraft:pink_petals":2,"minecraft:crafting_table":1,"minecraft:wheat":30,"minecraft:chicken":2,"minecraft:wooden_pickaxe":1,"minecraft:potato":4,"minecraft:filled_map":3,"minecraft:birch_planks":286,"mca:book_romance":2,"minecraft:dirt":1,"naturalist:lizard_tail":1,"minecraft:blue_bed":2,"minecraft:white_banner":6,"minecraft:name_tag":1,"minecraft:compass":1,"minecraft:experience_bottle":6,"minecraft:bone":1,"minecraft:apple":4,"minecraft:wheat_seeds":16,"minecraft:iron_ingot":1,"minecraft:stone_pickaxe":1,"minecraft:beef":6,"minecraft:glowstone_dust":1,"minecraft:glass_bottle":10,"minecraft:moss_block":1,"minecraft:birch_sapling":2,"minecraft:stick":2,"minecraft:raw_iron":6,"minecraft:torch":64,"minecraft:cherry_log":20,"minecraft:spruce_log":10,"minecraft:carrot":6,"minecraft:dark_oak_log":6,"minecraft:arrow":35,"minecraft:stone_axe":1,"minecraft:crossbow":4,"minecraft:bread":10,"minecraft:gold_ingot":3,"minecraft:saddle":3,"minecraft:emerald":12,"minecraft:coal":26,"minecraft:cobblestone":41},"minecraft:dropped":{"minecraft:birch_planks":55,"minecraft:wheat_seeds":16,"minecraft:birch_sapling":1,"minecraft:wooden_axe":2,"minecraft:arrow":10},"minecraft:killed":{"minecraft:witch":1,"minecraft:vindicator":1,"minecraft:ravager":1,"minecraft:creeper":1,"naturalist:snail":2,"minecraft:sheep":1,"minecraft:skeleton":1,"minecraft:pillager":14,"minecraft:cow":1},"minecraft:mined":{"minecraft:cherry_log":10,"minecraft:crafting_table":1,"minecraft:grass_block":1,"minecraft:calcite":1,"minecraft:cobblestone":2,"minecraft:tall_grass":1,"minecraft:moss_block":1,"minecraft:blue_bed":2,"minecraft:birch_log":32,"minecraft:iron_ore":3,"minecraft:grass":1,"minecraft:coal_ore":17,"minecraft:dirt_path":1,"minecraft:stone":21},"minecraft:killed_by":{"minecraft:witch":1,"minecraft:ravager":1},"minecraft:custom":{"minecraft:interact_with_furnace":2,"lootr:looted_stat":7,"minecraft:mob_kills":24,"minecraft:interact_with_crafting_table":12,"minecraft:raid_trigger":1,"minecraft:leave_game":1,"minecraft:time_since_death":275,"minecraft:sleep_in_bed":2,"minecraft:climb_one_cm":244,"minecraft:time_since_rest":303,"minecraft:sprint_one_cm":220234,"minecraft:damage_taken":1310,"minecraft:walk_one_cm":140805,"minecraft:drop":6,"minecraft:damage_dealt":3718,"minecraft:swim_one_cm":10564,"minecraft:talked_to_villager":1,"minecraft:fly_one_cm":270171,"minecraft:crouch_one_cm":1335,"minecraft:play_time":48742,"minecraft:deaths":3,"minecraft:sneak_time":592,"minecraft:walk_under_water_one_cm":2598,"minecraft:boat_one_cm":9533,"minecraft:jump":1320,"minecraft:walk_on_water_one_cm":5658,"minecraft:total_world_time":48742,"minecraft:interact_with_smoker":3,"minecraft:fall_one_cm":37224}},"DataVersion":3465}