{"stats":{"minecraft:custom":{"lootr:looted_stat":13,"minecraft:mob_kills":56,"minecraft:interact_with_crafting_table":45,"minecraft:open_barrel":30,"minecraft:interact_with_campfire":3,"minecraft:leave_game":9,"minecraft:time_since_death":148,"minecraft:climb_one_cm":2224,"minecraft:sprint_one_cm":1137609,"minecraft:walk_one_cm":848681,"minecraft:drop":190,"minecraft:play_time":341133,"minecraft:sneak_time":7238,"minecraft:deaths":8,"minecraft:walk_under_water_one_cm":89028,"minecraft:boat_one_cm":175789,"minecraft:jump":7174,"minecraft:walk_on_water_one_cm":61086,"minecraft:total_world_time":341133,"minecraft:interact_with_furnace":25,"minecraft:sleep_in_bed":31,"minecraft:time_since_rest":176,"minecraft:damage_taken":8964,"minecraft:damage_dealt":9777,"minecraft:player_kills":3,"minecraft:swim_one_cm":298238,"minecraft:fly_one_cm":1545362,"minecraft:open_chest":69,"minecraft:crouch_one_cm":21701,"minecraft:fall_one_cm":205852},"minecraft:killed":{"minecraft:spider":1,"minecraft:skeleton":8,"minecraft:horse":4,"naturalist:deer":1,"naturalist:bass":8,"minecraft:drowned":9,"minecraft:pig":1,"minecraft:iron_golem":1,"minecraft:pillager":9,"minecraft:zombie":10,"naturalist:canary":1,"minecraft:player":3,"minecraft:enderman":1},"minecraft:broken":{"minecraft:wooden_pickaxe":1,"minecraft:stone_pickaxe":3,"minecraft:iron_axe":1,"minecraft:stone_axe":6,"minecraft:iron_pickaxe":1,"minecraft:stone_shovel":1},"minecraft:killed_by":{"minecraft:player":5,"minecraft:drowned":1},"minecraft:dropped":{"minecraft:bread":15,"minecraft:brown_mushroom":1,"minecraft:cooked_beef":1,"minecraft:cherry_log":256,"naturalist:teddy_bear":1,"minecraft:book":1,"minecraft:crossbow":1,"minecraft:iron_helmet":2,"minecraft:cobblestone":106,"minecraft:red_mushroom":1,"biomesoplenty:fir_sapling":12,"minecraft:emerald":4,"minecraft:cobblestone_stairs":9,"minecraft:dark_oak_log":166,"minecraft:brush":1,"minecraft:torch":10,"naturalist:bass":4,"minecraft:cherry_planks":192,"minecraft:iron_axe":2,"minecraft:iron_pickaxe":2,"minecraft:dark_oak_planks":40,"minecraft:gravel":25,"minecraft:sugar_cane":3,"minecraft:beetroot":7,"minecraft:coarse_dirt":2,"minecraft:pink_dye":4,"minecraft:stone_shovel":1,"minecraft:cherry_sapling":112,"minecraft:rotten_flesh":5,"minecraft:cooked_mutton":2,"minecraft:poppy":1,"minecraft:iron_chestplate":1,"minecraft:stripped_cherry_log":9,"minecraft:wooden_pickaxe":2,"minecraft:nautilus_shell":1,"minecraft:egg":1},"minecraft:picked_up":{"minecraft:coarse_dirt":11,"minecraft:crafting_table":2,"minecraft:wheat":65,"minecraft:chicken":2,"minecraft:flower_pot":3,"naturalist:venison":6,"minecraft:brown_mushroom":2,"minecraft:wooden_pickaxe":1,"minecraft:stripped_cherry_log":13,"minecraft:stone_brick_stairs":4,"another_furniture:pink_lamp":1,"minecraft:string":1,"minecraft:red_bed":4,"minecraft:raw_copper":12,"minecraft:iron_axe":4,"minecraft:smooth_stone_slab":1,"minecraft:iron_shovel":3,"minecraft:beetroot":14,"minecraft:cracked_stone_bricks":42,"minecraft:deepslate_tiles":12,"simplyswords:runic_tablet":8,"minecraft:gold_nugget":1,"biomesoplenty:fir_planks":50,"biomesoplenty:pink_hibiscus":1,"minecraft:mossy_cobblestone_wall":17,"minecraft:beef":2,"minecraft:cobblestone_slab":19,"minecraft:poppy":5,"minecraft:iron_pickaxe":7,"minecraft:sugar_cane":9,"minecraft:chest":2,"minecraft:cherry_trapdoor":15,"minecraft:egg":5,"minecraft:stick":341,"minecraft:raw_iron":44,"minecraft:cherry_stairs":12,"minecraft:copper_ingot":5,"minecraft:torch":123,"minecraft:porkchop":3,"biomesoplenty:orange_maple_sapling":6,"minecraft:cherry_log":550,"minecraft:pointed_dripstone":11,"minecraft:diorite":1,"minecraft:deepslate_tile_stairs":7,"minecraft:dark_oak_planks":102,"minecraft:arrow":27,"minecraft:stone_shovel":6,"minecraft:rotten_flesh":40,"minecraft:hay_block":51,"minecraft:gold_ingot":3,"minecraft:mutton":2,"minecraft:cracked_deepslate_tiles":5,"minecraft:white_wool":1,"minecraft:cobblestone":532,"minecraft:birch_log":7,"minecraft:nautilus_shell":1,"minecraft:pink_petals":32,"minecraft:mossy_cobblestone_slab":3,"minecraft:feather":4,"minecraft:cooked_beef":2,"minecraft:cherry_planks":84,"naturalist:teddy_bear":1,"minecraft:black_bed":1,"minecraft:leather":20,"minecraft:red_mushroom":8,"minecraft:potato":9,"biomesoplenty:fir_sapling":12,"minecraft:birch_planks":1,"biomesoplenty:fir_log":48,"minecraft:flint":39,"minecraft:oak_log":15,"minecraft:cherry_fence":5,"minecraft:yellow_bed":2,"minecraft:cobblestone_wall":78,"minecraft:cobblestone_stairs":49,"simplyswords:diamond_glaive":7,"minecraft:cherry_door":3,"minecraft:deepslate_tile_slab":14,"minecraft:dirt":185,"minecraft:white_banner":7,"minecraft:name_tag":1,"naturalist:bass":11,"minecraft:bone":7,"minecraft:apple":5,"minecraft:stone_bricks":26,"minecraft:bow":1,"minecraft:wheat_seeds":2,"biomesoplenty:fir_boat":2,"biomesoplenty:maple_log":5,"minecraft:iron_ingot":12,"minecraft:stone_pickaxe":2,"minecraft:mossy_stone_bricks":17,"minecraft:stone_hoe":2,"minecraft:book":9,"minecraft:dark_oak_slab":1,"minecraft:cooked_porkchop":4,"minecraft:stone_brick_slab":9,"minecraft:dripstone_block":7,"minecraft:gravel":117,"minecraft:sand":92,"minecraft:ink_sac":4,"minecraft:grass_block":1,"minecraft:dark_oak_log":165,"minecraft:barrel":1,"minecraft:mossy_cobblestone":38,"minecraft:stone_axe":1,"minecraft:iron_helmet":2,"minecraft:crossbow":4,"minecraft:granite":1,"minecraft:cherry_sapling":193,"minecraft:mossy_cobblestone_stairs":3,"minecraft:emerald":16,"minecraft:bread":163,"minecraft:baked_potato":25,"minecraft:oak_sapling":32,"minecraft:cherry_slab":24,"minecraft:dark_oak_fence":2,"minecraft:coal":140,"minecraft:ender_pearl":1},"minecraft:mined":{"minecraft:dark_oak_planks":48,"minecraft:deepslate_tiles":4,"minecraft:mossy_cobblestone":34,"minecraft:cobblestone_stairs":33,"minecraft:cherry_log":368,"minecraft:cherry_sapling":6,"minecraft:dark_oak_log":184,"minecraft:stripped_cherry_log":4,"minecraft:dark_oak_fence":1,"minecraft:cherry_trapdoor":17,"biomesoplenty:pink_hibiscus":1,"minecraft:grass_block":45,"minecraft:deepslate_tile_stairs":3,"minecraft:hay_block":43,"minecraft:tall_seagrass":1,"minecraft:mossy_cobblestone_slab":3,"minecraft:mossy_cobblestone_stairs":3,"minecraft:iron_ore":40,"minecraft:barrel":1,"minecraft:bookshelf":2,"minecraft:pointed_dripstone":8,"minecraft:vine":1,"minecraft:cobblestone_slab":15,"another_furniture:pink_lamp":1,"minecraft:stone":379,"minecraft:cherry_stairs":12,"biomesoplenty:maple_log":5,"minecraft:potted_brown_mushroom":1,"minecraft:cherry_planks":20,"minecraft:red_bed":4,"minecraft:deepslate_tile_slab":7,"minecraft:stone_brick_slab":6,"biomesoplenty:hanging_cobweb_strand":1,"minecraft:crafting_table":2,"minecraft:torch":5,"minecraft:mossy_cobblestone_wall":5,"minecraft:poppy":1,"minecraft:chest":2,"minecraft:dead_bush":1,"minecraft:cobblestone":135,"minecraft:sugar_cane":1,"minecraft:diorite":1,"minecraft:wall_torch":10,"minecraft:cherry_slab":24,"minecraft:pink_petals":8,"minecraft:seagrass":1,"minecraft:cherry_fence":6,"minecraft:birch_planks":1,"minecraft:coarse_dirt":17,"minecraft:dark_oak_slab":1,"minecraft:cobblestone_wall":20,"minecraft:birch_log":7,"minecraft:cherry_door":1,"minecraft:stone_brick_stairs":4,"biomesoplenty:fir_log":64,"minecraft:yellow_bed":2,"minecraft:smooth_stone_slab":1,"minecraft:grass":10,"minecraft:cracked_deepslate_tiles":3,"minecraft:coal_ore":139,"minecraft:oak_log":15,"minecraft:gravel":30,"minecraft:dirt":123,"minecraft:sand":98,"minecraft:dripstone_block":7,"minecraft:cracked_stone_bricks":47,"minecraft:stone_bricks":24,"minecraft:mossy_stone_bricks":13,"minecraft:suspicious_gravel":5},"minecraft:used":{"minecraft:cherry_sapling":54,"simplyswords:diamond_glaive":133,"minecraft:iron_shovel":63,"minecraft:stone_shovel":216,"minecraft:poppy":3,"minecraft:chest":2,"minecraft:stone_hoe":34,"minecraft:iron_chestplate":1,"minecraft:torch":152,"minecraft:dirt":189,"minecraft:cobblestone_wall":5,"minecraft:granite":1,"minecraft:mossy_cobblestone_stairs":3,"minecraft:stone_brick_slab":5,"minecraft:iron_axe":182,"minecraft:grass_block":1,"minecraft:cherry_slab":5,"minecraft:cherry_trapdoor":14,"minecraft:stone_brick_stairs":4,"minecraft:barrel":1,"minecraft:stone_bricks":18,"minecraft:bow":3,"minecraft:goat_horn":5,"minecraft:furnace":1,"another_furniture:service_bell":1,"naturalist:teddy_bear":5,"minecraft:egg":2,"minecraft:potato":8,"minecraft:cooked_beef":1,"minecraft:cherry_log":4,"naturalist:bass":3,"minecraft:pointed_dripstone":7,"another_furniture:pink_lamp":3,"minecraft:mossy_stone_bricks":7,"minecraft:diorite":1,"minecraft:cobblestone_stairs":20,"minecraft:stone_pickaxe":418,"minecraft:baked_potato":34,"minecraft:oak_planks":2,"minecraft:wooden_pickaxe":60,"biomesoplenty:fir_boat":5,"biomesoplenty:fir_planks":21,"biomesoplenty:pink_hibiscus":2,"minecraft:cobblestone_slab":15,"minecraft:cracked_stone_bricks":38,"minecraft:mossy_cobblestone":32,"minecraft:sand":2,"minecraft:crafting_table":4,"minecraft:red_bed":3,"minecraft:red_mushroom":1,"minecraft:crossbow":2,"minecraft:black_bed":2,"minecraft:deepslate_tiles":4,"minecraft:apple":3,"minecraft:cherry_door":1,"minecraft:bread":129,"minecraft:iron_pickaxe":461,"minecraft:gravel":23,"minecraft:stone_axe":669,"minecraft:pink_petals":28,"minecraft:cobblestone":323,"minecraft:white_banner":5,"minecraft:cooked_porkchop":2,"minecraft:coarse_dirt":4,"minecraft:smooth_stone_slab":1,"minecraft:yellow_bed":2,"minecraft:oak_boat":1,"minecraft:brush":10,"minecraft:stripped_cherry_log":1,"biomesoplenty:fir_log":1},"minecraft:crafted":{"minecraft:cherry_planks":256,"minecraft:black_dye":1,"minecraft:oak_planks":60,"minecraft:stone_shovel":2,"minecraft:cherry_slab":12,"biomesoplenty:maple_planks":20,"minecraft:furnace":1,"minecraft:cobblestone_stairs":12,"minecraft:pink_dye":4,"minecraft:cooked_mutton":2,"minecraft:glass":34,"minecraft:cherry_trapdoor":4,"minecraft:iron_axe":2,"minecraft:stone_pickaxe":4,"minecraft:wheat":387,"minecraft:cooked_beef":2,"minecraft:red_dye":1,"biomesoplenty:fir_boat":3,"minecraft:crafting_table":2,"minecraft:iron_helmet":2,"minecraft:wooden_pickaxe":2,"minecraft:baked_potato":34,"minecraft:brush":1,"minecraft:stone_axe":4,"minecraft:bread":118,"minecraft:air":0,"biomesoplenty:fir_planks":188,"minecraft:oak_boat":1,"minecraft:iron_chestplate":1,"minecraft:stick":12,"minecraft:iron_ingot":34,"minecraft:iron_pickaxe":4,"minecraft:black_bed":1,"minecraft:torch":140}},"DataVersion":3465}