{"stats":{"minecraft:broken":{"minecraft:wooden_axe":1},"minecraft:crafted":{"minecraft:spruce_planks":12,"minecraft:wooden_pickaxe":1,"minecraft:cooked_mutton":1,"minecraft:stick":4,"minecraft:wooden_axe":1},"minecraft:used":{"minecraft:wooden_pickaxe":5,"minecraft:crafting_table":1,"minecraft:crossbow":15,"minecraft:wooden_axe":51,"minecraft:bread":5,"minecraft:stone_axe":2,"minecraft:purple_bed":2},"minecraft:picked_up":{"minecraft:wooden_axe":2,"minecraft:crafting_table":4,"minecraft:wheat":17,"minecraft:chicken":2,"minecraft:leather":6,"minecraft:wooden_pickaxe":2,"minecraft:potato":12,"minecraft:filled_map":3,"minecraft:birch_planks":17,"minecraft:lily_pad":6,"naturalist:lizard_tail":1,"mca:book_romance":2,"minecraft:white_banner":7,"minecraft:name_tag":2,"minecraft:compass":2,"minecraft:experience_bottle":4,"minecraft:blue_orchid":3,"minecraft:apple":11,"minecraft:spruce_planks":4,"minecraft:beef":9,"minecraft:iron_ingot":3,"minecraft:stone_pickaxe":2,"minecraft:rose_bush":27,"minecraft:glass_bottle":4,"minecraft:glowstone_dust":3,"minecraft:stick":6,"minecraft:raw_iron":6,"minecraft:cherry_log":10,"minecraft:spruce_sapling":9,"minecraft:carrot":3,"minecraft:spruce_log":3,"minecraft:mossy_cobblestone":3,"minecraft:arrow":47,"minecraft:purple_bed":5,"minecraft:rotten_flesh":2,"minecraft:stone_axe":2,"minecraft:peony":24,"minecraft:crossbow":7,"minecraft:carved_pumpkin":6,"minecraft:pink_tulip":6,"minecraft:emerald":21,"minecraft:gold_ingot":8,"minecraft:bread":21,"minecraft:totem_of_undying":1,"minecraft:mutton":6,"minecraft:snowball":2,"minecraft:white_wool":5,"minecraft:cobblestone":2},"minecraft:dropped":{"naturalist:lizard_tail":1,"minecraft:chicken":1},"minecraft:killed":{"naturalist:lizard_tail":1,"minecraft:sheep":4,"minecraft:cow":3},"minecraft:mined":{"minecraft:mossy_cobblestone":3,"minecraft:carved_pumpkin":2,"minecraft:crafting_table":2,"minecraft:rose_bush":10,"minecraft:cobblestone":2,"minecraft:spruce_leaves":1,"minecraft:lily_pad":6,"minecraft:large_fern":2,"minecraft:purple_bed":3,"minecraft:spruce_log":3,"minecraft:peony":8,"minecraft:grass":2,"minecraft:pink_tulip":2,"minecraft:blue_orchid":4},"minecraft:killed_by":{"minecraft:vindicator":2,"minecraft:pillager":1,"minecraft:ravager":2},"minecraft:custom":{"minecraft:interact_with_furnace":2,"lootr:looted_stat":5,"minecraft:mob_kills":9,"minecraft:interact_with_crafting_table":3,"minecraft:leave_game":1,"minecraft:time_since_death":5925,"minecraft:sleep_in_bed":2,"minecraft:time_since_rest":5957,"minecraft:sprint_one_cm":261476,"minecraft:damage_taken":2140,"minecraft:walk_one_cm":267958,"minecraft:drop":2,"minecraft:damage_dealt":879,"minecraft:swim_one_cm":19753,"minecraft:fly_one_cm":95455,"minecraft:crouch_one_cm":2349,"minecraft:play_time":57701,"minecraft:deaths":8,"minecraft:sneak_time":638,"minecraft:walk_under_water_one_cm":8767,"minecraft:boat_one_cm":9462,"minecraft:jump":904,"minecraft:walk_on_water_one_cm":10511,"minecraft:total_world_time":57701,"minecraft:fall_one_cm":13777}},"DataVersion":3465}