{"stats":{"minecraft:broken":{"minecraft:wooden_axe":1},"minecraft:used":{"minecraft:wooden_axe":31,"minecraft:bread":5,"minecraft:purple_bed":2,"minecraft:crossbow":15},"minecraft:picked_up":{"minecraft:wooden_axe":1,"minecraft:stick":3,"minecraft:wheat":6,"minecraft:crafting_table":3,"minecraft:chicken":1,"minecraft:leather":6,"minecraft:potato":12,"minecraft:spruce_sapling":7,"naturalist:lizard_tail":1,"mca:book_romance":2,"minecraft:white_banner":5,"minecraft:experience_bottle":1,"minecraft:arrow":41,"minecraft:purple_bed":5,"minecraft:apple":10,"minecraft:peony":16,"minecraft:iron_ingot":3,"minecraft:beef":6,"minecraft:crossbow":5,"minecraft:carved_pumpkin":6,"minecraft:rose_bush":27,"minecraft:pink_tulip":6,"minecraft:bread":10,"minecraft:gold_ingot":2,"minecraft:emerald":5,"minecraft:glowstone_dust":2,"minecraft:snowball":2},"minecraft:dropped":{"naturalist:lizard_tail":1,"minecraft:chicken":1},"minecraft:killed":{"naturalist:lizard_tail":1,"minecraft:cow":1},"minecraft:mined":{"minecraft:large_fern":2,"minecraft:purple_bed":3,"minecraft:carved_pumpkin":2,"minecraft:crafting_table":1,"minecraft:peony":8,"minecraft:grass":2,"minecraft:rose_bush":10,"minecraft:pink_tulip":2,"minecraft:spruce_leaves":1},"minecraft:killed_by":{"minecraft:vindicator":1,"minecraft:pillager":1},"minecraft:custom":{"minecraft:time_since_rest":1150,"lootr:looted_stat":5,"minecraft:sprint_one_cm":175940,"minecraft:damage_taken":820,"minecraft:walk_one_cm":218734,"minecraft:mob_kills":3,"minecraft:drop":2,"minecraft:damage_dealt":229,"minecraft:swim_one_cm":7548,"minecraft:fly_one_cm":49844,"minecraft:crouch_one_cm":442,"minecraft:play_time":40079,"minecraft:deaths":3,"minecraft:sneak_time":143,"minecraft:walk_under_water_one_cm":5111,"minecraft:boat_one_cm":9462,"minecraft:jump":573,"minecraft:walk_on_water_one_cm":5500,"minecraft:time_since_death":1098,"minecraft:sleep_in_bed":2,"minecraft:total_world_time":40079,"minecraft:fall_one_cm":7690}},"DataVersion":3465}