{"stats":{"minecraft:used":{"minecraft:wooden_axe":8,"minecraft:purple_bed":1,"minecraft:bread":1},"minecraft:picked_up":{"minecraft:wooden_axe":1,"minecraft:crafting_table":1,"minecraft:purple_bed":2,"minecraft:peony":2,"naturalist:lizard_tail":1},"minecraft:dropped":{"naturalist:lizard_tail":1},"minecraft:killed":{"naturalist:lizard_tail":1},"minecraft:mined":{"minecraft:purple_bed":2,"minecraft:peony":2,"minecraft:crafting_table":1,"minecraft:grass":1},"minecraft:custom":{"minecraft:time_since_rest":5701,"minecraft:play_time":16079,"minecraft:sprint_one_cm":64139,"minecraft:crouch_one_cm":442,"lootr:looted_stat":2,"minecraft:damage_taken":70,"minecraft:walk_one_cm":72472,"minecraft:sneak_time":123,"minecraft:mob_kills":1,"minecraft:drop":1,"minecraft:boat_one_cm":9462,"minecraft:jump":177,"minecraft:damage_dealt":70,"minecraft:time_since_death":16079,"minecraft:walk_on_water_one_cm":64,"minecraft:sleep_in_bed":1,"minecraft:total_world_time":16079,"minecraft:fall_one_cm":2345,"minecraft:fly_one_cm":13897}},"DataVersion":3465}