{"stats":{"minecraft:broken":{"minecraft:wooden_axe":1},"minecraft:used":{"minecraft:wooden_axe":31,"minecraft:purple_bed":2,"minecraft:bread":4,"minecraft:crossbow":2},"minecraft:picked_up":{"minecraft:wooden_axe":1,"minecraft:crafting_table":1,"minecraft:arrow":1,"minecraft:chicken":1,"minecraft:purple_bed":3,"minecraft:peony":8,"minecraft:crossbow":1,"minecraft:carved_pumpkin":2,"minecraft:pink_tulip":2,"minecraft:emerald":1,"naturalist:lizard_tail":1},"minecraft:dropped":{"naturalist:lizard_tail":1,"minecraft:chicken":1},"minecraft:killed":{"naturalist:lizard_tail":1},"minecraft:mined":{"minecraft:purple_bed":3,"minecraft:pink_tulip":2,"minecraft:carved_pumpkin":2,"minecraft:peony":8,"minecraft:crafting_table":1,"minecraft:large_fern":2,"minecraft:grass":2},"minecraft:custom":{"minecraft:time_since_rest":4310,"minecraft:play_time":28079,"minecraft:sprint_one_cm":128379,"minecraft:crouch_one_cm":442,"lootr:looted_stat":4,"minecraft:damage_taken":150,"minecraft:walk_one_cm":141168,"minecraft:sneak_time":135,"minecraft:walk_under_water_one_cm":4811,"minecraft:mob_kills":1,"minecraft:drop":2,"minecraft:boat_one_cm":9462,"minecraft:jump":377,"minecraft:damage_dealt":201,"minecraft:time_since_death":28079,"minecraft:walk_on_water_one_cm":2154,"minecraft:sleep_in_bed":2,"minecraft:total_world_time":28079,"minecraft:swim_one_cm":5838,"minecraft:fall_one_cm":5091,"minecraft:fly_one_cm":33420}},"DataVersion":3465}