{"stats":{"minecraft:mined":{"minecraft:glass_pane":6,"minecraft:cherry_planks":60,"minecraft:mossy_cobblestone":4,"minecraft:cobblestone_stairs":37,"minecraft:cherry_log":57,"minecraft:cherry_sapling":9,"minecraft:stripped_cherry_log":11,"minecraft:torch":4,"minecraft:cherry_trapdoor":4,"minecraft:grass_block":106,"minecraft:poppy":1,"minecraft:copper_ore":4,"minecraft:glass":3,"minecraft:cobblestone":18,"minecraft:oxeye_daisy":4,"minecraft:cherry_slab":23,"minecraft:pink_petals":26,"minecraft:cherry_fence":4,"another_furniture:cherry_flower_box":7,"minecraft:cobblestone_wall":1,"naturalist:teddy_bear":2,"minecraft:cherry_door":16,"minecraft:black_bed":1,"minecraft:yellow_bed":1,"minecraft:grass":12,"minecraft:oak_log":6,"minecraft:coal_ore":6,"minecraft:cobblestone_slab":24,"minecraft:gravel":29,"minecraft:sand":9,"minecraft:dirt":221,"minecraft:cracked_stone_bricks":15,"minecraft:stone":252,"minecraft:stone_bricks":1,"minecraft:cherry_stairs":9},"minecraft:killed_by":{"minecraft:player":2},"minecraft:broken":{"minecraft:stone_pickaxe":3,"minecraft:stone_axe":2,"minecraft:stone_shovel":3},"minecraft:killed":{"minecraft:squid":1,"minecraft:player":1},"minecraft:dropped":{"minecraft:cobblestone":61,"minecraft:glass":3,"minecraft:cherry_fence":3},"minecraft:custom":{"minecraft:interact_with_furnace":8,"lootr:looted_stat":5,"minecraft:mob_kills":1,"minecraft:interact_with_crafting_table":55,"minecraft:open_barrel":4,"minecraft:leave_game":3,"minecraft:time_since_death":21117,"minecraft:sleep_in_bed":16,"minecraft:climb_one_cm":1900,"minecraft:time_since_rest":9995,"minecraft:sprint_one_cm":412748,"minecraft:damage_taken":512,"minecraft:walk_one_cm":527295,"minecraft:drop":3,"minecraft:damage_dealt":1663,"minecraft:swim_one_cm":9742,"minecraft:player_kills":1,"minecraft:fly_one_cm":50229,"minecraft:open_chest":11,"minecraft:crouch_one_cm":11328,"minecraft:play_time":206011,"minecraft:deaths":2,"minecraft:sneak_time":2333,"minecraft:walk_under_water_one_cm":4816,"minecraft:jump":771,"minecraft:interact_with_blast_furnace":1,"minecraft:walk_on_water_one_cm":7123,"minecraft:total_world_time":206011,"minecraft:fall_one_cm":6390},"minecraft:crafted":{"minecraft:cherry_planks":180,"minecraft:black_dye":1,"minecraft:oak_planks":20,"minecraft:stone_shovel":2,"minecraft:crafting_table":3,"minecraft:cherry_slab":48,"minecraft:pink_bed":1,"minecraft:baked_potato":1,"minecraft:wooden_pickaxe":1,"minecraft:cobblestone_stairs":216,"another_furniture:cherry_flower_box":3,"minecraft:stone_axe":2,"minecraft:pink_dye":6,"minecraft:glass_pane":16,"minecraft:cherry_trapdoor":4,"minecraft:glass":9,"minecraft:stick":28,"minecraft:cherry_stairs":12,"minecraft:stone_pickaxe":3,"minecraft:wooden_axe":1,"minecraft:cobblestone_wall":6,"minecraft:cherry_door":3,"minecraft:cherry_fence":15},"minecraft:used":{"minecraft:cherry_sapling":30,"minecraft:cobblestone_stairs":175,"minecraft:baked_potato":1,"minecraft:poppy":2,"minecraft:stone_pickaxe":393,"minecraft:stone_shovel":311,"minecraft:wooden_pickaxe":8,"minecraft:cherry_planks":80,"minecraft:cracked_stone_bricks":10,"minecraft:mossy_cobblestone":2,"another_furniture:cherry_flower_box":7,"minecraft:dirt":259,"minecraft:crafting_table":3,"minecraft:cobblestone_wall":7,"minecraft:glass":3,"minecraft:wooden_axe":19,"minecraft:cherry_door":19,"minecraft:cherry_slab":46,"minecraft:bread":7,"minecraft:cherry_trapdoor":7,"minecraft:pink_bed":1,"minecraft:stone_axe":234,"minecraft:pink_petals":92,"minecraft:cobblestone":26,"minecraft:bow":2,"minecraft:cherry_stairs":21,"naturalist:teddy_bear":2,"minecraft:glass_pane":6,"minecraft:stripped_cherry_log":2,"minecraft:cherry_fence":19,"minecraft:cherry_log":62},"minecraft:picked_up":{"minecraft:wooden_axe":1,"minecraft:pink_petals":178,"minecraft:feather":2,"minecraft:cherry_planks":252,"naturalist:teddy_bear":2,"minecraft:wooden_pickaxe":2,"another_furniture:cherry_flower_box":13,"minecraft:stripped_cherry_log":20,"minecraft:flint":1,"minecraft:oak_log":5,"minecraft:cherry_fence":9,"minecraft:yellow_bed":1,"minecraft:cobblestone_wall":1,"minecraft:cobblestone_stairs":189,"minecraft:cherry_door":19,"minecraft:string":1,"minecraft:dirt":633,"minecraft:raw_copper":7,"minecraft:glass":3,"minecraft:apple":1,"minecraft:stone_bricks":3,"minecraft:cracked_stone_bricks":16,"minecraft:bow":1,"minecraft:wheat_seeds":4,"minecraft:stone_pickaxe":2,"minecraft:cobblestone_slab":57,"minecraft:poppy":2,"minecraft:oak_planks":2,"minecraft:cherry_trapdoor":6,"minecraft:stick":23,"minecraft:cherry_stairs":17,"minecraft:torch":48,"minecraft:gravel":25,"minecraft:sand":18,"minecraft:cherry_log":377,"minecraft:pointed_dripstone":2,"minecraft:ink_sac":1,"minecraft:mossy_cobblestone":8,"minecraft:black_dye":1,"minecraft:rotten_flesh":1,"minecraft:stone_shovel":1,"minecraft:stone_axe":1,"minecraft:cherry_sapling":342,"minecraft:emerald":9,"minecraft:bread":15,"minecraft:oak_sapling":1,"minecraft:cherry_slab":56,"minecraft:coal":15,"minecraft:pink_dye":13,"minecraft:cobblestone":438,"minecraft:oxeye_daisy":4}},"DataVersion":3465}