{"stats":{"minecraft:picked_up":{"minecraft:cooked_mutton":1,"minecraft:lilac":6,"minecraft:bone":1,"minecraft:light_gray_bed":1,"biomesoplenty:goldenrod":1,"minecraft:wheat_seeds":1,"minecraft:peony":4,"minecraft:oak_log":2,"minecraft:bread":16,"minecraft:yellow_bed":3,"minecraft:oxeye_daisy":3},"minecraft:mined":{"minecraft:oak_log":2,"minecraft:grass":5,"minecraft:light_gray_bed":1,"minecraft:tall_grass":1,"minecraft:lilac":6,"minecraft:oxeye_daisy":3,"minecraft:yellow_bed":3,"minecraft:peony":4},"minecraft:crafted":{"minecraft:oak_planks":8},"minecraft:used":{"minecraft:lilac":1,"minecraft:cooked_mutton":1,"minecraft:bread":7,"minecraft:yellow_bed":2,"minecraft:light_gray_bed":1},"minecraft:custom":{"minecraft:time_since_rest":1880,"minecraft:crouch_one_cm":195,"lootr:looted_stat":2,"minecraft:play_time":29189,"minecraft:sprint_one_cm":116057,"minecraft:damage_taken":375,"minecraft:walk_one_cm":95370,"minecraft:sneak_time":88,"minecraft:walk_under_water_one_cm":5170,"minecraft:jump":483,"minecraft:damage_dealt":66,"minecraft:time_since_death":29189,"minecraft:walk_on_water_one_cm":7905,"minecraft:sleep_in_bed":2,"minecraft:climb_one_cm":2359,"minecraft:total_world_time":29189,"minecraft:talked_to_villager":2,"minecraft:swim_one_cm":8537,"minecraft:fall_one_cm":9978,"minecraft:fly_one_cm":46969}},"DataVersion":3465}