{"stats":{"minecraft:picked_up":{"minecraft:pink_petals":4,"minecraft:crafting_table":2,"minecraft:lilac":11,"biomesoplenty:goldenrod":2,"minecraft:golden_axe":2,"minecraft:oak_log":4,"minecraft:yellow_bed":3,"minecraft:dirt":12,"minecraft:cooked_mutton":1,"minecraft:arrow":2,"minecraft:bone":1,"minecraft:light_gray_bed":1,"minecraft:apple":5,"minecraft:peony":4,"minecraft:wheat_seeds":6,"minecraft:crossbow":3,"minecraft:gold_ingot":3,"minecraft:bread":20,"minecraft:dark_oak_fence":4,"minecraft:oxeye_daisy":6},"minecraft:mined":{"minecraft:pink_petals":1,"minecraft:lilac":6,"minecraft:white_wall_banner":1,"minecraft:crafting_table":1,"minecraft:yellow_bed":3,"minecraft:peony":4,"minecraft:dark_oak_fence":4,"minecraft:grass":12,"minecraft:oak_log":3,"minecraft:light_gray_bed":1,"minecraft:tall_grass":1,"minecraft:oxeye_daisy":3},"minecraft:crafted":{"minecraft:oak_planks":8,"minecraft:crafting_table":1},"minecraft:used":{"minecraft:oak_log":1,"minecraft:cooked_mutton":1,"minecraft:bread":16,"minecraft:lilac":1,"minecraft:crafting_table":1,"minecraft:yellow_bed":2,"minecraft:light_gray_bed":1,"minecraft:golden_axe":23},"minecraft:dropped":{"minecraft:crossbow":1,"minecraft:arrow":2},"minecraft:custom":{"minecraft:time_since_rest":11083,"lootr:looted_stat":3,"minecraft:sprint_one_cm":222254,"minecraft:damage_taken":995,"minecraft:walk_one_cm":154079,"minecraft:drop":3,"minecraft:damage_dealt":447,"minecraft:swim_one_cm":19879,"minecraft:talked_to_villager":2,"minecraft:interact_with_crafting_table":2,"minecraft:fly_one_cm":81648,"minecraft:crouch_one_cm":1470,"minecraft:play_time":49500,"minecraft:deaths":1,"minecraft:sneak_time":363,"minecraft:walk_under_water_one_cm":7198,"minecraft:jump":701,"minecraft:leave_game":1,"minecraft:walk_on_water_one_cm":11059,"minecraft:time_since_death":11051,"minecraft:sleep_in_bed":2,"minecraft:total_world_time":49500,"minecraft:climb_one_cm":2359,"minecraft:fall_one_cm":13395},"minecraft:broken":{"minecraft:golden_axe":1},"minecraft:killed_by":{"minecraft:pillager":1}},"DataVersion":3465}