{"stats":{"minecraft:custom":{"lootr:looted_stat":7,"minecraft:mob_kills":3,"minecraft:interact_with_crafting_table":127,"minecraft:open_barrel":17,"minecraft:leave_game":5,"minecraft:time_since_death":167096,"minecraft:climb_one_cm":1900,"minecraft:sprint_one_cm":916433,"minecraft:walk_one_cm":1207729,"minecraft:drop":17,"minecraft:play_time":412657,"minecraft:deaths":4,"minecraft:sneak_time":7465,"minecraft:walk_under_water_one_cm":12640,"minecraft:boat_one_cm":52755,"minecraft:jump":1920,"minecraft:interact_with_blast_furnace":1,"minecraft:walk_on_water_one_cm":25447,"minecraft:total_world_time":412657,"minecraft:interact_with_furnace":17,"minecraft:sleep_in_bed":33,"minecraft:time_since_rest":12599,"minecraft:damage_taken":1498,"minecraft:damage_dealt":3900,"minecraft:player_kills":5,"minecraft:swim_one_cm":19496,"minecraft:fly_one_cm":148603,"minecraft:open_chest":46,"minecraft:crouch_one_cm":30772,"minecraft:fall_one_cm":30062},"minecraft:killed":{"minecraft:squid":2,"minecraft:player":5,"minecraft:enderman":1},"minecraft:broken":{"minecraft:stone_pickaxe":4,"minecraft:stone_axe":2,"minecraft:iron_pickaxe":2,"minecraft:wooden_axe":7,"minecraft:stone_shovel":4},"minecraft:killed_by":{"minecraft:player":3,"minecraft:drowned":1},"minecraft:dropped":{"minecraft:wheat_seeds":2,"minecraft:ender_pearl":3,"minecraft:cobblestone":61,"simplyswords:diamond_glaive":2,"minecraft:torch":16,"minecraft:cherry_trapdoor":2,"minecraft:cherry_planks":4,"minecraft:iron_axe":1,"minecraft:iron_shovel":1,"minecraft:smooth_stone_slab":1,"biomesoplenty:fir_planks":1,"minecraft:glass":3,"minecraft:cherry_fence":3},"minecraft:picked_up":{"minecraft:wooden_axe":3,"minecraft:crafting_table":4,"minecraft:iron_chestplate":3,"minecraft:coarse_dirt":3,"minecraft:chicken":2,"minecraft:wooden_pickaxe":3,"another_furniture:cherry_flower_box":19,"minecraft:stripped_cherry_log":46,"minecraft:stone_brick_stairs":4,"another_furniture:service_bell":1,"minecraft:string":1,"minecraft:raw_copper":19,"minecraft:iron_axe":3,"minecraft:smooth_stone_slab":1,"minecraft:cracked_stone_bricks":91,"minecraft:deepslate_tiles":4,"biomesoplenty:fir_planks":1,"biomesoplenty:pink_hibiscus":2,"minecraft:cobblestone_slab":72,"minecraft:poppy":2,"minecraft:iron_pickaxe":4,"minecraft:cherry_trapdoor":36,"minecraft:furnace":1,"minecraft:dark_oak_door":1,"minecraft:stick":48,"minecraft:cherry_stairs":36,"minecraft:torch":80,"minecraft:cherry_log":849,"minecraft:pointed_dripstone":2,"minecraft:deepslate_tile_stairs":2,"minecraft:dark_oak_planks":192,"minecraft:black_dye":3,"minecraft:rotten_flesh":1,"minecraft:stone_shovel":1,"minecraft:cobblestone":942,"minecraft:oxeye_daisy":4,"minecraft:nautilus_shell":1,"minecraft:pink_petals":179,"minecraft:feather":2,"minecraft:cooked_beef":1,"minecraft:cherry_planks":619,"minecraft:cherry_leaves":53,"naturalist:teddy_bear":5,"minecraft:red_mushroom":1,"minecraft:flint":1,"minecraft:oak_log":5,"minecraft:cherry_fence":21,"minecraft:yellow_bed":1,"minecraft:cobblestone_wall":6,"minecraft:cobblestone_stairs":289,"simplyswords:diamond_glaive":2,"minecraft:cherry_door":24,"minecraft:dirt":901,"minecraft:cooked_mutton":2,"minecraft:glass":3,"minecraft:apple":1,"minecraft:stone_bricks":36,"minecraft:bow":1,"minecraft:wheat_seeds":8,"biomesoplenty:fir_boat":3,"minecraft:stone_pickaxe":2,"minecraft:mossy_stone_bricks":8,"minecraft:oak_planks":5,"minecraft:book":3,"minecraft:dark_oak_slab":7,"minecraft:brush":1,"minecraft:gravel":29,"minecraft:sand":22,"minecraft:ink_sac":15,"minecraft:grass_block":1,"minecraft:mossy_cobblestone":46,"minecraft:dark_oak_log":242,"minecraft:stone_axe":1,"minecraft:iron_helmet":2,"minecraft:cherry_sapling":607,"minecraft:emerald":15,"minecraft:bread":41,"minecraft:oak_sapling":1,"minecraft:cherry_slab":74,"minecraft:dark_oak_fence":1,"minecraft:coal":87,"minecraft:pink_dye":13,"minecraft:ender_pearl":3},"minecraft:mined":{"minecraft:mossy_cobblestone":25,"minecraft:cherry_log":112,"minecraft:cobblestone_stairs":89,"minecraft:cherry_sapling":9,"minecraft:stripped_cherry_log":19,"minecraft:dark_oak_log":19,"minecraft:dark_oak_fence":1,"minecraft:cherry_trapdoor":22,"minecraft:grass_block":267,"biomesoplenty:pink_hibiscus":2,"minecraft:oxeye_daisy":4,"minecraft:furnace":1,"naturalist:teddy_bear":5,"minecraft:cobblestone_slab":40,"minecraft:stone":526,"minecraft:cherry_stairs":28,"minecraft:glass_pane":6,"minecraft:cherry_planks":148,"minecraft:crafting_table":4,"minecraft:torch":4,"biomesoplenty:fir_planks":1,"minecraft:poppy":1,"minecraft:glass":3,"minecraft:copper_ore":4,"minecraft:cobblestone":206,"minecraft:oak_planks":1,"minecraft:cherry_slab":39,"minecraft:pink_petals":27,"another_furniture:service_bell":1,"minecraft:cherry_fence":4,"another_furniture:cherry_flower_box":7,"minecraft:dark_oak_slab":6,"minecraft:cobblestone_wall":5,"minecraft:dark_oak_door":1,"minecraft:cherry_door":19,"minecraft:black_bed":1,"minecraft:yellow_bed":1,"minecraft:stone_brick_stairs":2,"minecraft:smooth_stone_slab":1,"minecraft:grass":14,"minecraft:oak_log":6,"minecraft:coal_ore":6,"minecraft:cherry_leaves":55,"minecraft:gravel":29,"minecraft:sand":9,"minecraft:dirt":338,"minecraft:cracked_stone_bricks":90,"minecraft:stone_bricks":12,"minecraft:mossy_stone_bricks":6},"minecraft:used":{"minecraft:cherry_sapling":30,"simplyswords:diamond_glaive":4,"minecraft:iron_shovel":96,"minecraft:stone_shovel":443,"minecraft:poppy":2,"minecraft:iron_chestplate":1,"minecraft:dirt":550,"minecraft:cobblestone_wall":7,"minecraft:glass":3,"minecraft:wooden_axe":416,"minecraft:iron_axe":64,"minecraft:grass_block":1,"minecraft:cherry_slab":223,"minecraft:cherry_trapdoor":101,"minecraft:iron_helmet":2,"minecraft:dark_oak_slab":40,"minecraft:cherry_leaves":5,"minecraft:stone_brick_stairs":1,"minecraft:stone_bricks":5,"minecraft:bow":2,"minecraft:furnace":1,"another_furniture:service_bell":1,"naturalist:teddy_bear":5,"minecraft:cooked_beef":1,"minecraft:cherry_fence":19,"minecraft:cherry_log":256,"minecraft:cooked_mutton":2,"minecraft:mossy_stone_bricks":4,"minecraft:cobblestone_stairs":250,"minecraft:stone_pickaxe":616,"minecraft:baked_potato":1,"minecraft:oak_planks":1,"minecraft:wooden_pickaxe":8,"minecraft:cherry_planks":430,"biomesoplenty:fir_boat":1,"biomesoplenty:pink_hibiscus":1,"minecraft:cobblestone_slab":6,"minecraft:cracked_stone_bricks":79,"minecraft:mossy_cobblestone":19,"another_furniture:cherry_flower_box":9,"minecraft:crafting_table":9,"minecraft:shears":55,"minecraft:dark_oak_door":3,"minecraft:dark_oak_log":185,"minecraft:cherry_door":22,"minecraft:bread":25,"minecraft:iron_pickaxe":464,"minecraft:stone_axe":234,"minecraft:pink_bed":1,"minecraft:pink_petals":92,"minecraft:cherry_stairs":82,"minecraft:cobblestone":502,"minecraft:dark_oak_fence":1,"minecraft:glass_pane":6,"minecraft:stripped_cherry_log":16,"minecraft:brush":3},"minecraft:crafted":{"minecraft:cherry_planks":592,"minecraft:black_dye":1,"minecraft:oak_planks":20,"minecraft:stone_shovel":3,"minecraft:cherry_slab":228,"minecraft:pink_bed":1,"minecraft:cobblestone_stairs":216,"minecraft:stone":1,"another_furniture:cherry_flower_box":3,"minecraft:pink_dye":6,"minecraft:glass_pane":16,"minecraft:cherry_trapdoor":76,"minecraft:dark_oak_door":3,"minecraft:glass":9,"minecraft:dark_oak_fence":3,"minecraft:cherry_stairs":52,"minecraft:stone_pickaxe":5,"minecraft:cobblestone_wall":6,"minecraft:dark_oak_planks":4,"minecraft:cherry_fence":15,"minecraft:crafting_table":5,"minecraft:wooden_pickaxe":1,"minecraft:baked_potato":1,"minecraft:stone_axe":2,"minecraft:dark_oak_slab":42,"minecraft:stick":44,"minecraft:iron_ingot":6,"minecraft:iron_pickaxe":1,"minecraft:wooden_axe":8,"minecraft:iron_shovel":1,"minecraft:cherry_door":6,"minecraft:shears":1}},"DataVersion":3465}