{"stats":{"minecraft:mined":{"minecraft:lilac":6,"minecraft:crafting_table":1,"minecraft:yellow_bed":3,"minecraft:peony":4,"minecraft:grass":9,"minecraft:oak_log":3,"minecraft:light_gray_bed":1,"minecraft:tall_grass":1,"minecraft:oxeye_daisy":3},"minecraft:picked_up":{"minecraft:crafting_table":1,"minecraft:lilac":6,"biomesoplenty:goldenrod":1,"minecraft:golden_axe":1,"minecraft:oak_log":3,"minecraft:yellow_bed":3,"minecraft:dirt":12,"minecraft:cooked_mutton":1,"minecraft:bone":1,"minecraft:light_gray_bed":1,"minecraft:peony":4,"minecraft:wheat_seeds":3,"minecraft:crossbow":1,"minecraft:bread":16,"minecraft:oxeye_daisy":3},"minecraft:crafted":{"minecraft:oak_planks":8,"minecraft:crafting_table":1},"minecraft:used":{"minecraft:cooked_mutton":1,"minecraft:bread":12,"minecraft:lilac":1,"minecraft:crafting_table":1,"minecraft:yellow_bed":2,"minecraft:light_gray_bed":1,"minecraft:golden_axe":19},"minecraft:custom":{"minecraft:time_since_rest":2772,"lootr:looted_stat":2,"minecraft:sprint_one_cm":202508,"minecraft:damage_taken":700,"minecraft:walk_one_cm":128953,"minecraft:damage_dealt":363,"minecraft:swim_one_cm":19879,"minecraft:talked_to_villager":2,"minecraft:interact_with_crafting_table":2,"minecraft:fly_one_cm":75005,"minecraft:crouch_one_cm":195,"minecraft:play_time":41189,"minecraft:deaths":1,"minecraft:sneak_time":111,"minecraft:walk_under_water_one_cm":7198,"minecraft:jump":663,"minecraft:walk_on_water_one_cm":11059,"minecraft:time_since_death":2740,"minecraft:sleep_in_bed":2,"minecraft:total_world_time":41189,"minecraft:climb_one_cm":2359,"minecraft:fall_one_cm":12519},"minecraft:killed_by":{"minecraft:pillager":1}},"DataVersion":3465}