{"stats":{"minecraft:mined":{"minecraft:mossy_cobblestone":9,"minecraft:cherry_log":57,"minecraft:cobblestone_stairs":38,"minecraft:cherry_sapling":9,"minecraft:stripped_cherry_log":11,"minecraft:cherry_trapdoor":4,"minecraft:grass_block":106,"biomesoplenty:pink_hibiscus":1,"minecraft:oxeye_daisy":4,"naturalist:teddy_bear":5,"minecraft:cobblestone_slab":27,"minecraft:stone":264,"minecraft:cherry_stairs":9,"minecraft:glass_pane":6,"minecraft:cherry_planks":60,"minecraft:torch":4,"minecraft:poppy":1,"minecraft:glass":3,"minecraft:copper_ore":4,"minecraft:cobblestone":38,"minecraft:cherry_slab":23,"minecraft:pink_petals":26,"minecraft:cherry_fence":4,"another_furniture:cherry_flower_box":7,"minecraft:cobblestone_wall":1,"minecraft:cherry_door":16,"minecraft:black_bed":1,"minecraft:yellow_bed":1,"minecraft:stone_brick_stairs":1,"minecraft:grass":12,"minecraft:coal_ore":6,"minecraft:oak_log":6,"minecraft:gravel":29,"minecraft:sand":9,"minecraft:dirt":221,"minecraft:cracked_stone_bricks":18,"minecraft:stone_bricks":6},"minecraft:broken":{"minecraft:stone_pickaxe":3,"minecraft:stone_axe":2,"minecraft:stone_shovel":3},"minecraft:killed_by":{"minecraft:player":2,"minecraft:drowned":1},"minecraft:killed":{"minecraft:squid":1,"minecraft:player":1},"minecraft:dropped":{"minecraft:cobblestone":61,"minecraft:glass":3,"minecraft:cherry_fence":3},"minecraft:custom":{"lootr:looted_stat":6,"minecraft:mob_kills":1,"minecraft:interact_with_crafting_table":56,"minecraft:open_barrel":4,"minecraft:leave_game":3,"minecraft:time_since_death":190,"minecraft:climb_one_cm":1900,"minecraft:sprint_one_cm":445516,"minecraft:walk_one_cm":548511,"minecraft:drop":3,"minecraft:play_time":218011,"minecraft:deaths":3,"minecraft:sneak_time":2728,"minecraft:walk_under_water_one_cm":8460,"minecraft:jump":792,"minecraft:interact_with_blast_furnace":1,"minecraft:walk_on_water_one_cm":10276,"minecraft:total_world_time":218011,"minecraft:interact_with_furnace":9,"minecraft:sleep_in_bed":17,"minecraft:time_since_rest":278,"minecraft:damage_taken":694,"minecraft:damage_dealt":1683,"minecraft:swim_one_cm":9742,"minecraft:fly_one_cm":54220,"minecraft:player_kills":1,"minecraft:open_chest":12,"minecraft:crouch_one_cm":13651,"minecraft:fall_one_cm":6390},"minecraft:crafted":{"minecraft:cherry_planks":180,"minecraft:black_dye":1,"minecraft:oak_planks":20,"minecraft:stone_shovel":2,"minecraft:cherry_slab":48,"minecraft:pink_bed":1,"minecraft:cobblestone_stairs":216,"another_furniture:cherry_flower_box":3,"minecraft:pink_dye":6,"minecraft:glass_pane":16,"minecraft:glass":9,"minecraft:cherry_trapdoor":4,"minecraft:cherry_stairs":12,"minecraft:stone_pickaxe":3,"minecraft:cobblestone_wall":6,"minecraft:cherry_fence":15,"minecraft:crafting_table":3,"minecraft:wooden_pickaxe":1,"minecraft:baked_potato":1,"minecraft:stone_axe":2,"minecraft:stick":28,"minecraft:wooden_axe":1,"minecraft:cherry_door":3},"minecraft:used":{"minecraft:cherry_sapling":30,"minecraft:stone_shovel":311,"minecraft:poppy":2,"minecraft:iron_chestplate":1,"minecraft:dirt":284,"minecraft:cobblestone_wall":7,"minecraft:glass":3,"minecraft:wooden_axe":19,"minecraft:cherry_slab":46,"minecraft:cherry_trapdoor":7,"minecraft:iron_helmet":1,"minecraft:bow":2,"naturalist:teddy_bear":5,"minecraft:cooked_beef":1,"minecraft:cherry_fence":19,"minecraft:cherry_log":62,"minecraft:cobblestone_stairs":175,"minecraft:stone_pickaxe":393,"minecraft:baked_potato":1,"minecraft:wooden_pickaxe":8,"minecraft:cherry_planks":80,"biomesoplenty:pink_hibiscus":1,"minecraft:cracked_stone_bricks":10,"another_furniture:cherry_flower_box":7,"minecraft:mossy_cobblestone":2,"minecraft:crafting_table":3,"minecraft:cherry_door":19,"minecraft:bread":7,"minecraft:iron_pickaxe":50,"minecraft:stone_axe":234,"minecraft:pink_petals":92,"minecraft:pink_bed":1,"minecraft:cobblestone":30,"minecraft:cherry_stairs":21,"minecraft:glass_pane":6,"minecraft:stripped_cherry_log":2},"minecraft:picked_up":{"minecraft:wooden_axe":1,"minecraft:iron_chestplate":1,"minecraft:coarse_dirt":1,"minecraft:wooden_pickaxe":2,"another_furniture:cherry_flower_box":13,"minecraft:stripped_cherry_log":20,"minecraft:stone_brick_stairs":1,"minecraft:string":1,"minecraft:raw_copper":7,"minecraft:iron_axe":1,"minecraft:cracked_stone_bricks":19,"biomesoplenty:pink_hibiscus":1,"minecraft:cobblestone_slab":59,"minecraft:poppy":2,"minecraft:iron_pickaxe":1,"minecraft:cherry_trapdoor":6,"minecraft:stick":23,"minecraft:cherry_stairs":17,"minecraft:torch":48,"minecraft:cherry_log":377,"minecraft:pointed_dripstone":2,"minecraft:black_dye":1,"minecraft:stone_shovel":1,"minecraft:rotten_flesh":1,"minecraft:cobblestone":470,"minecraft:oxeye_daisy":4,"minecraft:pink_petals":178,"minecraft:feather":2,"minecraft:cooked_beef":1,"minecraft:cherry_planks":252,"naturalist:teddy_bear":5,"minecraft:flint":1,"minecraft:oak_log":5,"minecraft:cherry_fence":9,"minecraft:yellow_bed":1,"minecraft:cobblestone_wall":1,"minecraft:cobblestone_stairs":190,"minecraft:cherry_door":19,"minecraft:dirt":633,"minecraft:glass":3,"minecraft:apple":1,"minecraft:stone_bricks":11,"minecraft:bow":1,"minecraft:wheat_seeds":4,"minecraft:stone_pickaxe":2,"minecraft:mossy_stone_bricks":1,"minecraft:oak_planks":2,"minecraft:gravel":26,"minecraft:sand":18,"minecraft:ink_sac":1,"minecraft:mossy_cobblestone":14,"minecraft:stone_axe":1,"minecraft:iron_helmet":1,"minecraft:cherry_sapling":342,"minecraft:bread":15,"minecraft:emerald":9,"minecraft:oak_sapling":1,"minecraft:cherry_slab":56,"minecraft:coal":15,"minecraft:pink_dye":13}},"DataVersion":3465}