{"stats":{"minecraft:mined":{"minecraft:mossy_cobblestone":9,"minecraft:cherry_log":57,"minecraft:cobblestone_stairs":59,"minecraft:cherry_sapling":9,"minecraft:stripped_cherry_log":11,"minecraft:cherry_trapdoor":4,"minecraft:grass_block":117,"biomesoplenty:pink_hibiscus":1,"minecraft:oxeye_daisy":4,"naturalist:teddy_bear":5,"minecraft:cobblestone_slab":27,"minecraft:stone":264,"minecraft:cherry_stairs":9,"minecraft:glass_pane":6,"minecraft:cherry_planks":60,"minecraft:torch":4,"minecraft:poppy":1,"minecraft:glass":3,"minecraft:copper_ore":4,"minecraft:cobblestone":41,"minecraft:cherry_slab":23,"minecraft:pink_petals":26,"minecraft:cherry_fence":4,"another_furniture:cherry_flower_box":7,"minecraft:cobblestone_wall":1,"minecraft:cherry_door":16,"minecraft:black_bed":1,"minecraft:yellow_bed":1,"minecraft:stone_brick_stairs":1,"minecraft:grass":12,"minecraft:coal_ore":6,"minecraft:oak_log":6,"minecraft:gravel":29,"minecraft:sand":9,"minecraft:dirt":225,"minecraft:cracked_stone_bricks":18,"minecraft:stone_bricks":6},"minecraft:broken":{"minecraft:stone_pickaxe":3,"minecraft:stone_axe":2,"minecraft:stone_shovel":3},"minecraft:killed_by":{"minecraft:player":2,"minecraft:drowned":1},"minecraft:killed":{"minecraft:squid":1,"minecraft:player":1,"minecraft:enderman":1},"minecraft:dropped":{"minecraft:cobblestone":61,"minecraft:glass":3,"minecraft:cherry_fence":3},"minecraft:custom":{"lootr:looted_stat":6,"minecraft:mob_kills":2,"minecraft:interact_with_crafting_table":56,"minecraft:open_barrel":5,"minecraft:leave_game":3,"minecraft:time_since_death":12190,"minecraft:climb_one_cm":1900,"minecraft:sprint_one_cm":484788,"minecraft:walk_one_cm":584480,"minecraft:drop":3,"minecraft:play_time":230011,"minecraft:deaths":3,"minecraft:sneak_time":3001,"minecraft:walk_under_water_one_cm":9851,"minecraft:jump":824,"minecraft:interact_with_blast_furnace":1,"minecraft:walk_on_water_one_cm":15094,"minecraft:total_world_time":230011,"minecraft:interact_with_furnace":9,"minecraft:sleep_in_bed":19,"minecraft:time_since_rest":7884,"minecraft:damage_taken":694,"minecraft:damage_dealt":2220,"minecraft:swim_one_cm":19496,"minecraft:fly_one_cm":58721,"minecraft:player_kills":1,"minecraft:open_chest":12,"minecraft:crouch_one_cm":14936,"minecraft:fall_one_cm":6390},"minecraft:crafted":{"minecraft:cherry_planks":180,"minecraft:black_dye":1,"minecraft:oak_planks":20,"minecraft:stone_shovel":2,"minecraft:cherry_slab":48,"minecraft:pink_bed":1,"minecraft:cobblestone_stairs":216,"another_furniture:cherry_flower_box":3,"minecraft:pink_dye":6,"minecraft:glass_pane":16,"minecraft:glass":9,"minecraft:cherry_trapdoor":4,"minecraft:cherry_stairs":12,"minecraft:stone_pickaxe":3,"minecraft:cobblestone_wall":6,"minecraft:cherry_fence":15,"minecraft:crafting_table":3,"minecraft:wooden_pickaxe":1,"minecraft:baked_potato":1,"minecraft:stone_axe":2,"minecraft:stick":28,"minecraft:wooden_axe":1,"minecraft:cherry_door":3},"minecraft:used":{"minecraft:cherry_sapling":30,"minecraft:stone_shovel":311,"minecraft:poppy":2,"minecraft:iron_chestplate":1,"minecraft:dirt":298,"minecraft:cobblestone_wall":7,"minecraft:glass":3,"minecraft:wooden_axe":19,"minecraft:grass_block":1,"minecraft:iron_axe":26,"minecraft:cherry_slab":46,"minecraft:cherry_trapdoor":7,"minecraft:iron_helmet":2,"minecraft:bow":2,"naturalist:teddy_bear":5,"minecraft:cooked_beef":1,"minecraft:cherry_fence":19,"minecraft:cherry_log":62,"minecraft:cobblestone_stairs":196,"minecraft:stone_pickaxe":393,"minecraft:baked_potato":1,"minecraft:wooden_pickaxe":8,"minecraft:cherry_planks":80,"biomesoplenty:pink_hibiscus":1,"minecraft:cracked_stone_bricks":10,"another_furniture:cherry_flower_box":7,"minecraft:mossy_cobblestone":2,"minecraft:crafting_table":3,"minecraft:cherry_door":19,"minecraft:bread":7,"minecraft:iron_pickaxe":75,"minecraft:stone_axe":234,"minecraft:pink_petals":92,"minecraft:pink_bed":1,"minecraft:cobblestone":56,"minecraft:cherry_stairs":21,"minecraft:glass_pane":6,"minecraft:stripped_cherry_log":2},"minecraft:picked_up":{"minecraft:wooden_axe":2,"minecraft:iron_chestplate":2,"minecraft:coarse_dirt":2,"minecraft:wooden_pickaxe":3,"another_furniture:cherry_flower_box":16,"minecraft:stripped_cherry_log":29,"minecraft:stone_brick_stairs":2,"minecraft:string":1,"minecraft:raw_copper":7,"minecraft:iron_axe":2,"minecraft:cracked_stone_bricks":19,"biomesoplenty:pink_hibiscus":1,"minecraft:cobblestone_slab":59,"minecraft:poppy":2,"minecraft:iron_pickaxe":2,"minecraft:cherry_trapdoor":6,"minecraft:stick":32,"minecraft:cherry_stairs":17,"minecraft:torch":64,"minecraft:cherry_log":568,"minecraft:pointed_dripstone":2,"minecraft:black_dye":2,"minecraft:stone_shovel":1,"minecraft:rotten_flesh":1,"minecraft:cobblestone":505,"minecraft:oxeye_daisy":4,"minecraft:pink_petals":178,"minecraft:feather":2,"minecraft:cooked_beef":1,"minecraft:cherry_planks":380,"naturalist:teddy_bear":5,"minecraft:flint":1,"minecraft:oak_log":5,"minecraft:cherry_fence":10,"minecraft:yellow_bed":1,"minecraft:cobblestone_wall":1,"minecraft:cobblestone_stairs":233,"minecraft:cherry_door":20,"minecraft:dirt":647,"minecraft:glass":3,"minecraft:apple":1,"minecraft:stone_bricks":20,"minecraft:bow":1,"minecraft:wheat_seeds":4,"minecraft:stone_pickaxe":2,"minecraft:mossy_stone_bricks":2,"minecraft:oak_planks":3,"minecraft:gravel":27,"minecraft:sand":18,"minecraft:ink_sac":4,"minecraft:grass_block":1,"minecraft:mossy_cobblestone":22,"minecraft:stone_axe":1,"minecraft:iron_helmet":2,"minecraft:cherry_sapling":442,"minecraft:bread":22,"minecraft:emerald":9,"minecraft:oak_sapling":1,"minecraft:cherry_slab":56,"minecraft:coal":20,"minecraft:pink_dye":13}},"DataVersion":3465}