{"stats":{"minecraft:picked_up":{"minecraft:cooked_mutton":1,"minecraft:lilac":6,"minecraft:bone":1,"minecraft:light_gray_bed":1,"minecraft:peony":4,"minecraft:bread":16,"minecraft:oxeye_daisy":3},"minecraft:mined":{"minecraft:grass":5,"minecraft:light_gray_bed":1,"minecraft:tall_grass":1,"minecraft:lilac":6,"minecraft:oxeye_daisy":3,"minecraft:peony":4},"minecraft:used":{"minecraft:lilac":1,"minecraft:bread":5},"minecraft:custom":{"minecraft:time_since_rest":3225,"lootr:looted_stat":1,"minecraft:play_time":17189,"minecraft:sprint_one_cm":78043,"minecraft:damage_taken":250,"minecraft:walk_one_cm":55110,"minecraft:sneak_time":17,"minecraft:walk_under_water_one_cm":4140,"minecraft:jump":278,"minecraft:damage_dealt":66,"minecraft:time_since_death":17189,"minecraft:walk_on_water_one_cm":4520,"minecraft:sleep_in_bed":1,"minecraft:total_world_time":17189,"minecraft:swim_one_cm":8537,"minecraft:fall_one_cm":6662,"minecraft:fly_one_cm":34905}},"DataVersion":3465}